registro,janela,classe,diametro_pol,posicao_or_h,carga_hp,predito,tipo_erro,escore,limiar,features,detector
100,44,normal,,,3,anomalia,FP,5.5227,4.9428,tempo,mahalanobis
100,45,normal,,,3,anomalia,FP,5.2698,4.9428,tempo,mahalanobis
121,0,B,0.007,,3,normal,FN,0.6419,0.6505,tempo,isolation_forest
121,1,B,0.007,,3,normal,FN,0.6185,0.6505,tempo,isolation_forest
121,2,B,0.007,,3,normal,FN,0.6266,0.6505,tempo,isolation_forest
121,3,B,0.007,,3,normal,FN,0.6057,0.6505,tempo,isolation_forest
121,4,B,0.007,,3,normal,FN,0.6315,0.6505,tempo,isolation_forest
121,5,B,0.007,,3,normal,FN,0.6337,0.6505,tempo,isolation_forest
121,6,B,0.007,,3,normal,FN,0.6222,0.6505,tempo,isolation_forest
121,7,B,0.007,,3,normal,FN,0.6002,0.6505,tempo,isolation_forest
121,8,B,0.007,,3,normal,FN,0.6041,0.6505,tempo,isolation_forest
121,9,B,0.007,,3,normal,FN,0.6102,0.6505,tempo,isolation_forest
121,10,B,0.007,,3,normal,FN,0.6015,0.6505,tempo,isolation_forest
121,11,B,0.007,,3,normal,FN,0.6062,0.6505,tempo,isolation_forest
121,12,B,0.007,,3,normal,FN,0.6291,0.6505,tempo,isolation_forest
121,13,B,0.007,,3,normal,FN,0.6091,0.6505,tempo,isolation_forest
121,14,B,0.007,,3,normal,FN,0.6051,0.6505,tempo,isolation_forest
121,15,B,0.007,,3,normal,FN,0.6077,0.6505,tempo,isolation_forest
121,16,B,0.007,,3,normal,FN,0.6218,0.6505,tempo,isolation_forest
121,17,B,0.007,,3,normal,FN,0.6243,0.6505,tempo,isolation_forest
121,18,B,0.007,,3,normal,FN,0.6054,0.6505,tempo,isolation_forest
121,19,B,0.007,,3,normal,FN,0.6112,0.6505,tempo,isolation_forest
121,20,B,0.007,,3,normal,FN,0.6257,0.6505,tempo,isolation_forest
121,21,B,0.007,,3,normal,FN,0.6103,0.6505,tempo,isolation_forest
121,22,B,0.007,,3,normal,FN,0.6282,0.6505,tempo,isolation_forest
121,23,B,0.007,,3,normal,FN,0.6301,0.6505,tempo,isolation_forest
121,24,B,0.007,,3,normal,FN,0.6408,0.6505,tempo,isolation_forest
121,25,B,0.007,,3,normal,FN,0.6282,0.6505,tempo,isolation_forest
121,26,B,0.007,,3,normal,FN,0.6065,0.6505,tempo,isolation_forest
121,27,B,0.007,,3,normal,FN,0.6122,0.6505,tempo,isolation_forest
121,28,B,0.007,,3,normal,FN,0.6033,0.6505,tempo,isolation_forest
121,29,B,0.007,,3,normal,FN,0.6017,0.6505,tempo,isolation_forest
121,30,B,0.007,,3,normal,FN,0.5998,0.6505,tempo,isolation_forest
121,31,B,0.007,,3,normal,FN,0.6060,0.6505,tempo,isolation_forest
121,32,B,0.007,,3,normal,FN,0.6047,0.6505,tempo,isolation_forest
121,33,B,0.007,,3,normal,FN,0.6077,0.6505,tempo,isolation_forest
121,34,B,0.007,,3,normal,FN,0.6227,0.6505,tempo,isolation_forest
121,38,B,0.007,,3,normal,FN,0.6333,0.6505,tempo,isolation_forest
121,39,B,0.007,,3,normal,FN,0.6143,0.6505,tempo,isolation_forest
121,40,B,0.007,,3,normal,FN,0.6250,0.6505,tempo,isolation_forest
121,41,B,0.007,,3,normal,FN,0.6268,0.6505,tempo,isolation_forest
121,42,B,0.007,,3,normal,FN,0.6202,0.6505,tempo,isolation_forest
121,43,B,0.007,,3,normal,FN,0.6127,0.6505,tempo,isolation_forest
121,44,B,0.007,,3,normal,FN,0.6317,0.6505,tempo,isolation_forest
121,45,B,0.007,,3,normal,FN,0.6351,0.6505,tempo,isolation_forest
121,46,B,0.007,,3,normal,FN,0.6394,0.6505,tempo,isolation_forest
121,47,B,0.007,,3,normal,FN,0.6108,0.6505,tempo,isolation_forest
121,48,B,0.007,,3,normal,FN,0.6089,0.6505,tempo,isolation_forest
121,49,B,0.007,,3,normal,FN,0.6092,0.6505,tempo,isolation_forest
121,50,B,0.007,,3,normal,FN,0.5986,0.6505,tempo,isolation_forest
121,51,B,0.007,,3,normal,FN,0.6204,0.6505,tempo,isolation_forest
121,52,B,0.007,,3,normal,FN,0.6153,0.6505,tempo,isolation_forest
121,53,B,0.007,,3,normal,FN,0.6149,0.6505,tempo,isolation_forest
121,54,B,0.007,,3,normal,FN,0.6198,0.6505,tempo,isolation_forest
121,55,B,0.007,,3,normal,FN,0.6187,0.6505,tempo,isolation_forest
121,56,B,0.007,,3,normal,FN,0.6299,0.6505,tempo,isolation_forest
121,57,B,0.007,,3,normal,FN,0.6319,0.6505,tempo,isolation_forest
200,2,OR,0.014,6,3,normal,FN,0.6499,0.6505,tempo,isolation_forest
200,3,OR,0.014,6,3,normal,FN,0.6436,0.6505,tempo,isolation_forest
200,9,OR,0.014,6,3,normal,FN,0.6126,0.6505,tempo,isolation_forest
200,10,OR,0.014,6,3,normal,FN,0.6043,0.6505,tempo,isolation_forest
200,11,OR,0.014,6,3,normal,FN,0.6194,0.6505,tempo,isolation_forest
200,12,OR,0.014,6,3,normal,FN,0.6212,0.6505,tempo,isolation_forest
200,17,OR,0.014,6,3,normal,FN,0.6273,0.6505,tempo,isolation_forest
200,21,OR,0.014,6,3,normal,FN,0.6406,0.6505,tempo,isolation_forest
200,22,OR,0.014,6,3,normal,FN,0.6225,0.6505,tempo,isolation_forest
200,27,OR,0.014,6,3,normal,FN,0.6473,0.6505,tempo,isolation_forest
200,28,OR,0.014,6,3,normal,FN,0.6381,0.6505,tempo,isolation_forest
200,29,OR,0.014,6,3,normal,FN,0.6147,0.6505,tempo,isolation_forest
200,30,OR,0.014,6,3,normal,FN,0.6250,0.6505,tempo,isolation_forest
200,31,OR,0.014,6,3,normal,FN,0.6347,0.6505,tempo,isolation_forest
200,32,OR,0.014,6,3,normal,FN,0.6044,0.6505,tempo,isolation_forest
200,33,OR,0.014,6,3,normal,FN,0.6251,0.6505,tempo,isolation_forest
200,37,OR,0.014,6,3,normal,FN,0.6433,0.6505,tempo,isolation_forest
200,40,OR,0.014,6,3,normal,FN,0.6312,0.6505,tempo,isolation_forest
200,41,OR,0.014,6,3,normal,FN,0.6185,0.6505,tempo,isolation_forest
200,42,OR,0.014,6,3,normal,FN,0.6210,0.6505,tempo,isolation_forest
200,48,OR,0.014,6,3,normal,FN,0.6401,0.6505,tempo,isolation_forest
200,49,OR,0.014,6,3,normal,FN,0.6292,0.6505,tempo,isolation_forest
200,50,OR,0.014,6,3,normal,FN,0.6261,0.6505,tempo,isolation_forest
200,56,OR,0.014,6,3,normal,FN,0.6038,0.6505,tempo,isolation_forest
225,0,B,0.021,,3,normal,FN,0.6290,0.6505,tempo,isolation_forest
225,1,B,0.021,,3,normal,FN,0.6206,0.6505,tempo,isolation_forest
225,2,B,0.021,,3,normal,FN,0.6355,0.6505,tempo,isolation_forest
225,3,B,0.021,,3,normal,FN,0.6466,0.6505,tempo,isolation_forest
225,4,B,0.021,,3,normal,FN,0.6443,0.6505,tempo,isolation_forest
225,5,B,0.021,,3,normal,FN,0.6228,0.6505,tempo,isolation_forest
225,6,B,0.021,,3,normal,FN,0.6393,0.6505,tempo,isolation_forest
225,7,B,0.021,,3,normal,FN,0.6367,0.6505,tempo,isolation_forest
225,8,B,0.021,,3,normal,FN,0.6295,0.6505,tempo,isolation_forest
225,9,B,0.021,,3,normal,FN,0.6337,0.6505,tempo,isolation_forest
225,10,B,0.021,,3,normal,FN,0.6415,0.6505,tempo,isolation_forest
225,17,B,0.021,,3,normal,FN,0.6388,0.6505,tempo,isolation_forest
225,18,B,0.021,,3,normal,FN,0.6298,0.6505,tempo,isolation_forest
225,19,B,0.021,,3,normal,FN,0.6110,0.6505,tempo,isolation_forest
225,20,B,0.021,,3,normal,FN,0.6162,0.6505,tempo,isolation_forest
225,22,B,0.021,,3,normal,FN,0.6341,0.6505,tempo,isolation_forest
225,23,B,0.021,,3,normal,FN,0.6138,0.6505,tempo,isolation_forest
225,24,B,0.021,,3,normal,FN,0.6458,0.6505,tempo,isolation_forest
225,26,B,0.021,,3,normal,FN,0.6457,0.6505,tempo,isolation_forest
225,27,B,0.021,,3,normal,FN,0.6411,0.6505,tempo,isolation_forest
225,31,B,0.021,,3,normal,FN,0.6429,0.6505,tempo,isolation_forest
225,32,B,0.021,,3,normal,FN,0.6302,0.6505,tempo,isolation_forest
225,33,B,0.021,,3,normal,FN,0.6300,0.6505,tempo,isolation_forest
225,34,B,0.021,,3,normal,FN,0.6223,0.6505,tempo,isolation_forest
225,35,B,0.021,,3,normal,FN,0.6256,0.6505,tempo,isolation_forest
225,36,B,0.021,,3,normal,FN,0.6473,0.6505,tempo,isolation_forest
225,38,B,0.021,,3,normal,FN,0.6462,0.6505,tempo,isolation_forest
225,41,B,0.021,,3,normal,FN,0.6315,0.6505,tempo,isolation_forest
225,42,B,0.021,,3,normal,FN,0.6190,0.6505,tempo,isolation_forest
225,43,B,0.021,,3,normal,FN,0.6333,0.6505,tempo,isolation_forest
225,46,B,0.021,,3,normal,FN,0.6489,0.6505,tempo,isolation_forest
225,47,B,0.021,,3,normal,FN,0.6436,0.6505,tempo,isolation_forest
225,49,B,0.021,,3,normal,FN,0.6281,0.6505,tempo,isolation_forest
225,50,B,0.021,,3,normal,FN,0.6283,0.6505,tempo,isolation_forest
225,51,B,0.021,,3,normal,FN,0.6259,0.6505,tempo,isolation_forest
225,52,B,0.021,,3,normal,FN,0.6200,0.6505,tempo,isolation_forest
225,56,B,0.021,,3,normal,FN,0.6397,0.6505,tempo,isolation_forest
225,57,B,0.021,,3,normal,FN,0.6116,0.6505,tempo,isolation_forest
100,1,normal,,,3,anomalia,FP,-0.8858,-0.8983,tempo,ocsvm
100,2,normal,,,3,anomalia,FP,-0.8126,-0.8983,tempo,ocsvm
100,3,normal,,,3,anomalia,FP,-0.7052,-0.8983,tempo,ocsvm
100,9,normal,,,3,anomalia,FP,-0.7838,-0.8983,tempo,ocsvm
100,16,normal,,,3,anomalia,FP,-0.8492,-0.8983,tempo,ocsvm
100,22,normal,,,3,anomalia,FP,-0.8880,-0.8983,tempo,ocsvm
100,27,normal,,,3,anomalia,FP,-0.8019,-0.8983,tempo,ocsvm
100,32,normal,,,3,anomalia,FP,-0.8502,-0.8983,tempo,ocsvm
100,44,normal,,,3,anomalia,FP,-0.6781,-0.8983,tempo,ocsvm
100,45,normal,,,3,anomalia,FP,-0.4488,-0.8983,tempo,ocsvm
100,46,normal,,,3,anomalia,FP,-0.8408,-0.8983,tempo,ocsvm
100,47,normal,,,3,anomalia,FP,-0.7862,-0.8983,tempo,ocsvm
100,50,normal,,,3,anomalia,FP,-0.7941,-0.8983,tempo,ocsvm
100,52,normal,,,3,anomalia,FP,-0.8329,-0.8983,tempo,ocsvm
100,53,normal,,,3,anomalia,FP,-0.8602,-0.8983,tempo,ocsvm
100,56,normal,,,3,anomalia,FP,-0.8638,-0.8983,tempo,ocsvm
100,57,normal,,,3,anomalia,FP,-0.7505,-0.8983,tempo,ocsvm
100,23,normal,,,3,anomalia,FP,3.9942,3.5993,envelope,mahalanobis
100,24,normal,,,3,anomalia,FP,4.9191,3.5993,envelope,mahalanobis
100,28,normal,,,3,anomalia,FP,3.6520,3.5993,envelope,mahalanobis
100,31,normal,,,3,anomalia,FP,3.8042,3.5993,envelope,mahalanobis
100,37,normal,,,3,anomalia,FP,4.6790,3.5993,envelope,mahalanobis
100,39,normal,,,3,anomalia,FP,4.0623,3.5993,envelope,mahalanobis
100,40,normal,,,3,anomalia,FP,3.6004,3.5993,envelope,mahalanobis
100,51,normal,,,3,anomalia,FP,3.9254,3.5993,envelope,mahalanobis
121,0,B,0.007,,3,normal,FN,2.4932,3.5993,envelope,mahalanobis
121,1,B,0.007,,3,normal,FN,2.3358,3.5993,envelope,mahalanobis
121,2,B,0.007,,3,normal,FN,2.5648,3.5993,envelope,mahalanobis
121,3,B,0.007,,3,normal,FN,1.9704,3.5993,envelope,mahalanobis
121,4,B,0.007,,3,normal,FN,3.1837,3.5993,envelope,mahalanobis
121,5,B,0.007,,3,normal,FN,1.0329,3.5993,envelope,mahalanobis
121,6,B,0.007,,3,normal,FN,1.8401,3.5993,envelope,mahalanobis
121,7,B,0.007,,3,normal,FN,1.6298,3.5993,envelope,mahalanobis
121,8,B,0.007,,3,normal,FN,3.1687,3.5993,envelope,mahalanobis
121,9,B,0.007,,3,normal,FN,2.9030,3.5993,envelope,mahalanobis
121,10,B,0.007,,3,normal,FN,3.4241,3.5993,envelope,mahalanobis
121,11,B,0.007,,3,normal,FN,2.0849,3.5993,envelope,mahalanobis
121,12,B,0.007,,3,normal,FN,2.9675,3.5993,envelope,mahalanobis
121,13,B,0.007,,3,normal,FN,1.8781,3.5993,envelope,mahalanobis
121,14,B,0.007,,3,normal,FN,1.5544,3.5993,envelope,mahalanobis
121,15,B,0.007,,3,normal,FN,1.7725,3.5993,envelope,mahalanobis
121,16,B,0.007,,3,normal,FN,2.7678,3.5993,envelope,mahalanobis
121,19,B,0.007,,3,normal,FN,2.1083,3.5993,envelope,mahalanobis
121,20,B,0.007,,3,normal,FN,3.4280,3.5993,envelope,mahalanobis
121,21,B,0.007,,3,normal,FN,2.4401,3.5993,envelope,mahalanobis
121,22,B,0.007,,3,normal,FN,2.4901,3.5993,envelope,mahalanobis
121,23,B,0.007,,3,normal,FN,2.1703,3.5993,envelope,mahalanobis
121,25,B,0.007,,3,normal,FN,3.4933,3.5993,envelope,mahalanobis
121,26,B,0.007,,3,normal,FN,2.4731,3.5993,envelope,mahalanobis
121,27,B,0.007,,3,normal,FN,3.1284,3.5993,envelope,mahalanobis
121,28,B,0.007,,3,normal,FN,2.0363,3.5993,envelope,mahalanobis
121,29,B,0.007,,3,normal,FN,2.9818,3.5993,envelope,mahalanobis
121,31,B,0.007,,3,normal,FN,2.7279,3.5993,envelope,mahalanobis
121,32,B,0.007,,3,normal,FN,2.7869,3.5993,envelope,mahalanobis
121,33,B,0.007,,3,normal,FN,2.2410,3.5993,envelope,mahalanobis
121,34,B,0.007,,3,normal,FN,2.5596,3.5993,envelope,mahalanobis
121,35,B,0.007,,3,normal,FN,3.2398,3.5993,envelope,mahalanobis
121,36,B,0.007,,3,normal,FN,2.5692,3.5993,envelope,mahalanobis
121,37,B,0.007,,3,normal,FN,1.5297,3.5993,envelope,mahalanobis
121,38,B,0.007,,3,normal,FN,3.3330,3.5993,envelope,mahalanobis
121,39,B,0.007,,3,normal,FN,2.4632,3.5993,envelope,mahalanobis
121,40,B,0.007,,3,normal,FN,1.8386,3.5993,envelope,mahalanobis
121,42,B,0.007,,3,normal,FN,2.3394,3.5993,envelope,mahalanobis
121,43,B,0.007,,3,normal,FN,3.3633,3.5993,envelope,mahalanobis
121,44,B,0.007,,3,normal,FN,2.8035,3.5993,envelope,mahalanobis
121,45,B,0.007,,3,normal,FN,3.0238,3.5993,envelope,mahalanobis
121,46,B,0.007,,3,normal,FN,2.3137,3.5993,envelope,mahalanobis
121,47,B,0.007,,3,normal,FN,1.4599,3.5993,envelope,mahalanobis
121,48,B,0.007,,3,normal,FN,2.4792,3.5993,envelope,mahalanobis
121,50,B,0.007,,3,normal,FN,3.3482,3.5993,envelope,mahalanobis
121,51,B,0.007,,3,normal,FN,1.8564,3.5993,envelope,mahalanobis
121,52,B,0.007,,3,normal,FN,2.5778,3.5993,envelope,mahalanobis
121,53,B,0.007,,3,normal,FN,2.0503,3.5993,envelope,mahalanobis
121,54,B,0.007,,3,normal,FN,2.9287,3.5993,envelope,mahalanobis
121,56,B,0.007,,3,normal,FN,1.1270,3.5993,envelope,mahalanobis
121,57,B,0.007,,3,normal,FN,3.1558,3.5993,envelope,mahalanobis
172,1,IR,0.014,,3,normal,FN,3.0446,3.5993,envelope,mahalanobis
172,2,IR,0.014,,3,normal,FN,3.5299,3.5993,envelope,mahalanobis
172,3,IR,0.014,,3,normal,FN,2.7170,3.5993,envelope,mahalanobis
172,5,IR,0.014,,3,normal,FN,2.9597,3.5993,envelope,mahalanobis
172,7,IR,0.014,,3,normal,FN,2.1163,3.5993,envelope,mahalanobis
172,8,IR,0.014,,3,normal,FN,2.2499,3.5993,envelope,mahalanobis
172,10,IR,0.014,,3,normal,FN,2.6020,3.5993,envelope,mahalanobis
172,12,IR,0.014,,3,normal,FN,3.4275,3.5993,envelope,mahalanobis
172,14,IR,0.014,,3,normal,FN,2.9098,3.5993,envelope,mahalanobis
172,18,IR,0.014,,3,normal,FN,2.1645,3.5993,envelope,mahalanobis
172,19,IR,0.014,,3,normal,FN,2.0507,3.5993,envelope,mahalanobis
172,20,IR,0.014,,3,normal,FN,2.5906,3.5993,envelope,mahalanobis
172,21,IR,0.014,,3,normal,FN,1.9192,3.5993,envelope,mahalanobis
172,22,IR,0.014,,3,normal,FN,2.4859,3.5993,envelope,mahalanobis
172,23,IR,0.014,,3,normal,FN,3.2451,3.5993,envelope,mahalanobis
172,24,IR,0.014,,3,normal,FN,3.3774,3.5993,envelope,mahalanobis
172,25,IR,0.014,,3,normal,FN,3.4716,3.5993,envelope,mahalanobis
172,26,IR,0.014,,3,normal,FN,2.5890,3.5993,envelope,mahalanobis
172,27,IR,0.014,,3,normal,FN,2.7114,3.5993,envelope,mahalanobis
172,28,IR,0.014,,3,normal,FN,3.3543,3.5993,envelope,mahalanobis
172,30,IR,0.014,,3,normal,FN,2.8006,3.5993,envelope,mahalanobis
172,31,IR,0.014,,3,normal,FN,3.5204,3.5993,envelope,mahalanobis
172,32,IR,0.014,,3,normal,FN,3.0874,3.5993,envelope,mahalanobis
172,33,IR,0.014,,3,normal,FN,2.3695,3.5993,envelope,mahalanobis
172,34,IR,0.014,,3,normal,FN,2.0067,3.5993,envelope,mahalanobis
172,35,IR,0.014,,3,normal,FN,3.5179,3.5993,envelope,mahalanobis
172,37,IR,0.014,,3,normal,FN,2.9037,3.5993,envelope,mahalanobis
172,38,IR,0.014,,3,normal,FN,3.0354,3.5993,envelope,mahalanobis
172,41,IR,0.014,,3,normal,FN,2.4294,3.5993,envelope,mahalanobis
172,43,IR,0.014,,3,normal,FN,3.0636,3.5993,envelope,mahalanobis
172,44,IR,0.014,,3,normal,FN,2.5286,3.5993,envelope,mahalanobis
172,45,IR,0.014,,3,normal,FN,1.6564,3.5993,envelope,mahalanobis
172,46,IR,0.014,,3,normal,FN,2.7734,3.5993,envelope,mahalanobis
172,47,IR,0.014,,3,normal,FN,2.2428,3.5993,envelope,mahalanobis
172,48,IR,0.014,,3,normal,FN,1.7745,3.5993,envelope,mahalanobis
172,52,IR,0.014,,3,normal,FN,2.8546,3.5993,envelope,mahalanobis
172,53,IR,0.014,,3,normal,FN,3.1333,3.5993,envelope,mahalanobis
172,56,IR,0.014,,3,normal,FN,2.9087,3.5993,envelope,mahalanobis
188,0,B,0.014,,3,normal,FN,3.0425,3.5993,envelope,mahalanobis
188,1,B,0.014,,3,normal,FN,1.4436,3.5993,envelope,mahalanobis
188,2,B,0.014,,3,normal,FN,2.9801,3.5993,envelope,mahalanobis
188,3,B,0.014,,3,normal,FN,0.7199,3.5993,envelope,mahalanobis
188,4,B,0.014,,3,normal,FN,1.6192,3.5993,envelope,mahalanobis
188,5,B,0.014,,3,normal,FN,1.5233,3.5993,envelope,mahalanobis
188,6,B,0.014,,3,normal,FN,2.2095,3.5993,envelope,mahalanobis
188,7,B,0.014,,3,normal,FN,3.4541,3.5993,envelope,mahalanobis
188,8,B,0.014,,3,normal,FN,1.0315,3.5993,envelope,mahalanobis
188,9,B,0.014,,3,normal,FN,1.4934,3.5993,envelope,mahalanobis
188,10,B,0.014,,3,normal,FN,1.7331,3.5993,envelope,mahalanobis
188,11,B,0.014,,3,normal,FN,1.1908,3.5993,envelope,mahalanobis
188,12,B,0.014,,3,normal,FN,1.0432,3.5993,envelope,mahalanobis
188,13,B,0.014,,3,normal,FN,2.4986,3.5993,envelope,mahalanobis
188,14,B,0.014,,3,normal,FN,1.0436,3.5993,envelope,mahalanobis
188,15,B,0.014,,3,normal,FN,2.0593,3.5993,envelope,mahalanobis
188,16,B,0.014,,3,normal,FN,0.9371,3.5993,envelope,mahalanobis
188,17,B,0.014,,3,normal,FN,1.3612,3.5993,envelope,mahalanobis
188,18,B,0.014,,3,normal,FN,1.7686,3.5993,envelope,mahalanobis
188,19,B,0.014,,3,normal,FN,1.5333,3.5993,envelope,mahalanobis
188,20,B,0.014,,3,normal,FN,0.5866,3.5993,envelope,mahalanobis
188,21,B,0.014,,3,normal,FN,2.4365,3.5993,envelope,mahalanobis
188,22,B,0.014,,3,normal,FN,2.9352,3.5993,envelope,mahalanobis
188,23,B,0.014,,3,normal,FN,1.6719,3.5993,envelope,mahalanobis
188,24,B,0.014,,3,normal,FN,1.6541,3.5993,envelope,mahalanobis
188,25,B,0.014,,3,normal,FN,1.0484,3.5993,envelope,mahalanobis
188,26,B,0.014,,3,normal,FN,1.3363,3.5993,envelope,mahalanobis
188,27,B,0.014,,3,normal,FN,1.8262,3.5993,envelope,mahalanobis
188,28,B,0.014,,3,normal,FN,0.4598,3.5993,envelope,mahalanobis
188,29,B,0.014,,3,normal,FN,2.1658,3.5993,envelope,mahalanobis
188,30,B,0.014,,3,normal,FN,0.9650,3.5993,envelope,mahalanobis
188,31,B,0.014,,3,normal,FN,1.3578,3.5993,envelope,mahalanobis
188,32,B,0.014,,3,normal,FN,0.7341,3.5993,envelope,mahalanobis
188,33,B,0.014,,3,normal,FN,2.7701,3.5993,envelope,mahalanobis
188,34,B,0.014,,3,normal,FN,0.5867,3.5993,envelope,mahalanobis
188,35,B,0.014,,3,normal,FN,1.4033,3.5993,envelope,mahalanobis
188,36,B,0.014,,3,normal,FN,1.1538,3.5993,envelope,mahalanobis
188,37,B,0.014,,3,normal,FN,1.2934,3.5993,envelope,mahalanobis
188,38,B,0.014,,3,normal,FN,0.3801,3.5993,envelope,mahalanobis
188,39,B,0.014,,3,normal,FN,1.3787,3.5993,envelope,mahalanobis
188,40,B,0.014,,3,normal,FN,1.2061,3.5993,envelope,mahalanobis
188,41,B,0.014,,3,normal,FN,1.8636,3.5993,envelope,mahalanobis
188,42,B,0.014,,3,normal,FN,0.8796,3.5993,envelope,mahalanobis
188,43,B,0.014,,3,normal,FN,2.6117,3.5993,envelope,mahalanobis
188,44,B,0.014,,3,normal,FN,2.2203,3.5993,envelope,mahalanobis
188,45,B,0.014,,3,normal,FN,1.7765,3.5993,envelope,mahalanobis
188,46,B,0.014,,3,normal,FN,0.6185,3.5993,envelope,mahalanobis
188,47,B,0.014,,3,normal,FN,1.9291,3.5993,envelope,mahalanobis
188,48,B,0.014,,3,normal,FN,1.8606,3.5993,envelope,mahalanobis
188,49,B,0.014,,3,normal,FN,2.2012,3.5993,envelope,mahalanobis
188,50,B,0.014,,3,normal,FN,1.7979,3.5993,envelope,mahalanobis
188,51,B,0.014,,3,normal,FN,0.4873,3.5993,envelope,mahalanobis
188,52,B,0.014,,3,normal,FN,1.2455,3.5993,envelope,mahalanobis
188,53,B,0.014,,3,normal,FN,1.4326,3.5993,envelope,mahalanobis
188,54,B,0.014,,3,normal,FN,0.7575,3.5993,envelope,mahalanobis
188,55,B,0.014,,3,normal,FN,2.0104,3.5993,envelope,mahalanobis
188,56,B,0.014,,3,normal,FN,0.9576,3.5993,envelope,mahalanobis
188,57,B,0.014,,3,normal,FN,1.4764,3.5993,envelope,mahalanobis
200,0,OR,0.014,6,3,normal,FN,2.0887,3.5993,envelope,mahalanobis
200,1,OR,0.014,6,3,normal,FN,2.2500,3.5993,envelope,mahalanobis
200,2,OR,0.014,6,3,normal,FN,2.2047,3.5993,envelope,mahalanobis
200,3,OR,0.014,6,3,normal,FN,1.3937,3.5993,envelope,mahalanobis
200,4,OR,0.014,6,3,normal,FN,2.3928,3.5993,envelope,mahalanobis
200,5,OR,0.014,6,3,normal,FN,1.8153,3.5993,envelope,mahalanobis
200,6,OR,0.014,6,3,normal,FN,1.3970,3.5993,envelope,mahalanobis
200,7,OR,0.014,6,3,normal,FN,1.7187,3.5993,envelope,mahalanobis
200,8,OR,0.014,6,3,normal,FN,2.4314,3.5993,envelope,mahalanobis
200,9,OR,0.014,6,3,normal,FN,2.0822,3.5993,envelope,mahalanobis
200,10,OR,0.014,6,3,normal,FN,1.7120,3.5993,envelope,mahalanobis
200,11,OR,0.014,6,3,normal,FN,2.2682,3.5993,envelope,mahalanobis
200,12,OR,0.014,6,3,normal,FN,2.3053,3.5993,envelope,mahalanobis
200,13,OR,0.014,6,3,normal,FN,0.9836,3.5993,envelope,mahalanobis
200,14,OR,0.014,6,3,normal,FN,0.6181,3.5993,envelope,mahalanobis
200,16,OR,0.014,6,3,normal,FN,1.8948,3.5993,envelope,mahalanobis
200,17,OR,0.014,6,3,normal,FN,2.0311,3.5993,envelope,mahalanobis
200,18,OR,0.014,6,3,normal,FN,1.5143,3.5993,envelope,mahalanobis
200,19,OR,0.014,6,3,normal,FN,1.7265,3.5993,envelope,mahalanobis
200,20,OR,0.014,6,3,normal,FN,1.8001,3.5993,envelope,mahalanobis
200,21,OR,0.014,6,3,normal,FN,1.8826,3.5993,envelope,mahalanobis
200,22,OR,0.014,6,3,normal,FN,0.9779,3.5993,envelope,mahalanobis
200,24,OR,0.014,6,3,normal,FN,2.9960,3.5993,envelope,mahalanobis
200,26,OR,0.014,6,3,normal,FN,2.6286,3.5993,envelope,mahalanobis
200,27,OR,0.014,6,3,normal,FN,1.8176,3.5993,envelope,mahalanobis
200,28,OR,0.014,6,3,normal,FN,2.4525,3.5993,envelope,mahalanobis
200,29,OR,0.014,6,3,normal,FN,1.7611,3.5993,envelope,mahalanobis
200,30,OR,0.014,6,3,normal,FN,3.1862,3.5993,envelope,mahalanobis
200,31,OR,0.014,6,3,normal,FN,2.6023,3.5993,envelope,mahalanobis
200,32,OR,0.014,6,3,normal,FN,0.9663,3.5993,envelope,mahalanobis
200,33,OR,0.014,6,3,normal,FN,1.7926,3.5993,envelope,mahalanobis
200,34,OR,0.014,6,3,normal,FN,3.4017,3.5993,envelope,mahalanobis
200,35,OR,0.014,6,3,normal,FN,2.4689,3.5993,envelope,mahalanobis
200,36,OR,0.014,6,3,normal,FN,1.7959,3.5993,envelope,mahalanobis
200,37,OR,0.014,6,3,normal,FN,2.3641,3.5993,envelope,mahalanobis
200,38,OR,0.014,6,3,normal,FN,1.0963,3.5993,envelope,mahalanobis
200,39,OR,0.014,6,3,normal,FN,1.8108,3.5993,envelope,mahalanobis
200,40,OR,0.014,6,3,normal,FN,2.1698,3.5993,envelope,mahalanobis
200,41,OR,0.014,6,3,normal,FN,0.6544,3.5993,envelope,mahalanobis
200,42,OR,0.014,6,3,normal,FN,2.8409,3.5993,envelope,mahalanobis
200,43,OR,0.014,6,3,normal,FN,2.3716,3.5993,envelope,mahalanobis
200,44,OR,0.014,6,3,normal,FN,1.8872,3.5993,envelope,mahalanobis
200,45,OR,0.014,6,3,normal,FN,2.0231,3.5993,envelope,mahalanobis
200,46,OR,0.014,6,3,normal,FN,1.2537,3.5993,envelope,mahalanobis
200,47,OR,0.014,6,3,normal,FN,2.0962,3.5993,envelope,mahalanobis
200,48,OR,0.014,6,3,normal,FN,1.9573,3.5993,envelope,mahalanobis
200,49,OR,0.014,6,3,normal,FN,1.8227,3.5993,envelope,mahalanobis
200,50,OR,0.014,6,3,normal,FN,1.4311,3.5993,envelope,mahalanobis
200,51,OR,0.014,6,3,normal,FN,1.5418,3.5993,envelope,mahalanobis
200,52,OR,0.014,6,3,normal,FN,2.0709,3.5993,envelope,mahalanobis
200,53,OR,0.014,6,3,normal,FN,2.4929,3.5993,envelope,mahalanobis
200,54,OR,0.014,6,3,normal,FN,2.4820,3.5993,envelope,mahalanobis
200,55,OR,0.014,6,3,normal,FN,1.5490,3.5993,envelope,mahalanobis
200,56,OR,0.014,6,3,normal,FN,1.8628,3.5993,envelope,mahalanobis
200,57,OR,0.014,6,3,normal,FN,1.7164,3.5993,envelope,mahalanobis
225,8,B,0.021,,3,normal,FN,3.2838,3.5993,envelope,mahalanobis
225,9,B,0.021,,3,normal,FN,3.5662,3.5993,envelope,mahalanobis
225,11,B,0.021,,3,normal,FN,3.5025,3.5993,envelope,mahalanobis
225,13,B,0.021,,3,normal,FN,3.1058,3.5993,envelope,mahalanobis
225,17,B,0.021,,3,normal,FN,3.5508,3.5993,envelope,mahalanobis
225,18,B,0.021,,3,normal,FN,3.5237,3.5993,envelope,mahalanobis
225,24,B,0.021,,3,normal,FN,3.3964,3.5993,envelope,mahalanobis
225,26,B,0.021,,3,normal,FN,3.3788,3.5993,envelope,mahalanobis
225,27,B,0.021,,3,normal,FN,3.2695,3.5993,envelope,mahalanobis
225,28,B,0.021,,3,normal,FN,3.4123,3.5993,envelope,mahalanobis
225,34,B,0.021,,3,normal,FN,3.1045,3.5993,envelope,mahalanobis
225,46,B,0.021,,3,normal,FN,3.2933,3.5993,envelope,mahalanobis
225,47,B,0.021,,3,normal,FN,2.7236,3.5993,envelope,mahalanobis
225,56,B,0.021,,3,normal,FN,3.1772,3.5993,envelope,mahalanobis
237,8,OR,0.021,6,3,normal,FN,3.4099,3.5993,envelope,mahalanobis
237,35,OR,0.021,6,3,normal,FN,2.9193,3.5993,envelope,mahalanobis
237,36,OR,0.021,6,3,normal,FN,3.5966,3.5993,envelope,mahalanobis
237,38,OR,0.021,6,3,normal,FN,3.4769,3.5993,envelope,mahalanobis
237,39,OR,0.021,6,3,normal,FN,3.3970,3.5993,envelope,mahalanobis
237,54,OR,0.021,6,3,normal,FN,3.5303,3.5993,envelope,mahalanobis
100,24,normal,,,3,anomalia,FP,0.7093,0.6365,envelope,isolation_forest
100,31,normal,,,3,anomalia,FP,0.6379,0.6365,envelope,isolation_forest
100,37,normal,,,3,anomalia,FP,0.6824,0.6365,envelope,isolation_forest
100,39,normal,,,3,anomalia,FP,0.6929,0.6365,envelope,isolation_forest
100,51,normal,,,3,anomalia,FP,0.6725,0.6365,envelope,isolation_forest
108,1,IR,0.007,,3,normal,FN,0.5842,0.6365,envelope,isolation_forest
108,2,IR,0.007,,3,normal,FN,0.5954,0.6365,envelope,isolation_forest
108,4,IR,0.007,,3,normal,FN,0.6046,0.6365,envelope,isolation_forest
108,8,IR,0.007,,3,normal,FN,0.6103,0.6365,envelope,isolation_forest
108,9,IR,0.007,,3,normal,FN,0.5733,0.6365,envelope,isolation_forest
108,11,IR,0.007,,3,normal,FN,0.5783,0.6365,envelope,isolation_forest
108,13,IR,0.007,,3,normal,FN,0.5606,0.6365,envelope,isolation_forest
108,15,IR,0.007,,3,normal,FN,0.5542,0.6365,envelope,isolation_forest
108,17,IR,0.007,,3,normal,FN,0.6302,0.6365,envelope,isolation_forest
108,18,IR,0.007,,3,normal,FN,0.5592,0.6365,envelope,isolation_forest
108,21,IR,0.007,,3,normal,FN,0.5975,0.6365,envelope,isolation_forest
108,22,IR,0.007,,3,normal,FN,0.5928,0.6365,envelope,isolation_forest
108,24,IR,0.007,,3,normal,FN,0.5677,0.6365,envelope,isolation_forest
108,27,IR,0.007,,3,normal,FN,0.5473,0.6365,envelope,isolation_forest
108,28,IR,0.007,,3,normal,FN,0.5906,0.6365,envelope,isolation_forest
108,29,IR,0.007,,3,normal,FN,0.5810,0.6365,envelope,isolation_forest
108,30,IR,0.007,,3,normal,FN,0.6156,0.6365,envelope,isolation_forest
108,34,IR,0.007,,3,normal,FN,0.5888,0.6365,envelope,isolation_forest
108,35,IR,0.007,,3,normal,FN,0.5902,0.6365,envelope,isolation_forest
108,36,IR,0.007,,3,normal,FN,0.5442,0.6365,envelope,isolation_forest
108,37,IR,0.007,,3,normal,FN,0.6131,0.6365,envelope,isolation_forest
108,39,IR,0.007,,3,normal,FN,0.6254,0.6365,envelope,isolation_forest
108,41,IR,0.007,,3,normal,FN,0.5725,0.6365,envelope,isolation_forest
108,42,IR,0.007,,3,normal,FN,0.5897,0.6365,envelope,isolation_forest
108,43,IR,0.007,,3,normal,FN,0.6246,0.6365,envelope,isolation_forest
108,44,IR,0.007,,3,normal,FN,0.6352,0.6365,envelope,isolation_forest
108,53,IR,0.007,,3,normal,FN,0.6061,0.6365,envelope,isolation_forest
108,57,IR,0.007,,3,normal,FN,0.6311,0.6365,envelope,isolation_forest
121,0,B,0.007,,3,normal,FN,0.5424,0.6365,envelope,isolation_forest
121,1,B,0.007,,3,normal,FN,0.5224,0.6365,envelope,isolation_forest
121,2,B,0.007,,3,normal,FN,0.5317,0.6365,envelope,isolation_forest
121,3,B,0.007,,3,normal,FN,0.4741,0.6365,envelope,isolation_forest
121,4,B,0.007,,3,normal,FN,0.6261,0.6365,envelope,isolation_forest
121,5,B,0.007,,3,normal,FN,0.4024,0.6365,envelope,isolation_forest
121,6,B,0.007,,3,normal,FN,0.4691,0.6365,envelope,isolation_forest
121,7,B,0.007,,3,normal,FN,0.4348,0.6365,envelope,isolation_forest
121,8,B,0.007,,3,normal,FN,0.5936,0.6365,envelope,isolation_forest
121,9,B,0.007,,3,normal,FN,0.6040,0.6365,envelope,isolation_forest
121,10,B,0.007,,3,normal,FN,0.5788,0.6365,envelope,isolation_forest
121,11,B,0.007,,3,normal,FN,0.4830,0.6365,envelope,isolation_forest
121,12,B,0.007,,3,normal,FN,0.5806,0.6365,envelope,isolation_forest
121,13,B,0.007,,3,normal,FN,0.4720,0.6365,envelope,isolation_forest
121,14,B,0.007,,3,normal,FN,0.4379,0.6365,envelope,isolation_forest
121,15,B,0.007,,3,normal,FN,0.4518,0.6365,envelope,isolation_forest
121,16,B,0.007,,3,normal,FN,0.5880,0.6365,envelope,isolation_forest
121,17,B,0.007,,3,normal,FN,0.5846,0.6365,envelope,isolation_forest
121,18,B,0.007,,3,normal,FN,0.6279,0.6365,envelope,isolation_forest
121,19,B,0.007,,3,normal,FN,0.4876,0.6365,envelope,isolation_forest
121,20,B,0.007,,3,normal,FN,0.6115,0.6365,envelope,isolation_forest
121,21,B,0.007,,3,normal,FN,0.5485,0.6365,envelope,isolation_forest
121,22,B,0.007,,3,normal,FN,0.5631,0.6365,envelope,isolation_forest
121,23,B,0.007,,3,normal,FN,0.5094,0.6365,envelope,isolation_forest
121,25,B,0.007,,3,normal,FN,0.6265,0.6365,envelope,isolation_forest
121,26,B,0.007,,3,normal,FN,0.5189,0.6365,envelope,isolation_forest
121,27,B,0.007,,3,normal,FN,0.6292,0.6365,envelope,isolation_forest
121,28,B,0.007,,3,normal,FN,0.4773,0.6365,envelope,isolation_forest
121,29,B,0.007,,3,normal,FN,0.5881,0.6365,envelope,isolation_forest
121,31,B,0.007,,3,normal,FN,0.5871,0.6365,envelope,isolation_forest
121,32,B,0.007,,3,normal,FN,0.5772,0.6365,envelope,isolation_forest
121,33,B,0.007,,3,normal,FN,0.5205,0.6365,envelope,isolation_forest
121,34,B,0.007,,3,normal,FN,0.5657,0.6365,envelope,isolation_forest
121,35,B,0.007,,3,normal,FN,0.5637,0.6365,envelope,isolation_forest
121,36,B,0.007,,3,normal,FN,0.5628,0.6365,envelope,isolation_forest
121,37,B,0.007,,3,normal,FN,0.4540,0.6365,envelope,isolation_forest
121,38,B,0.007,,3,normal,FN,0.5966,0.6365,envelope,isolation_forest
121,39,B,0.007,,3,normal,FN,0.5320,0.6365,envelope,isolation_forest
121,40,B,0.007,,3,normal,FN,0.4657,0.6365,envelope,isolation_forest
121,42,B,0.007,,3,normal,FN,0.5058,0.6365,envelope,isolation_forest
121,43,B,0.007,,3,normal,FN,0.6143,0.6365,envelope,isolation_forest
121,44,B,0.007,,3,normal,FN,0.5533,0.6365,envelope,isolation_forest
121,45,B,0.007,,3,normal,FN,0.5875,0.6365,envelope,isolation_forest
121,46,B,0.007,,3,normal,FN,0.5212,0.6365,envelope,isolation_forest
121,47,B,0.007,,3,normal,FN,0.4468,0.6365,envelope,isolation_forest
121,48,B,0.007,,3,normal,FN,0.5214,0.6365,envelope,isolation_forest
121,49,B,0.007,,3,normal,FN,0.6261,0.6365,envelope,isolation_forest
121,50,B,0.007,,3,normal,FN,0.6201,0.6365,envelope,isolation_forest
121,51,B,0.007,,3,normal,FN,0.4606,0.6365,envelope,isolation_forest
121,52,B,0.007,,3,normal,FN,0.5241,0.6365,envelope,isolation_forest
121,53,B,0.007,,3,normal,FN,0.4913,0.6365,envelope,isolation_forest
121,54,B,0.007,,3,normal,FN,0.5811,0.6365,envelope,isolation_forest
121,56,B,0.007,,3,normal,FN,0.4156,0.6365,envelope,isolation_forest
121,57,B,0.007,,3,normal,FN,0.5859,0.6365,envelope,isolation_forest
172,1,IR,0.014,,3,normal,FN,0.6089,0.6365,envelope,isolation_forest
172,2,IR,0.014,,3,normal,FN,0.6340,0.6365,envelope,isolation_forest
172,3,IR,0.014,,3,normal,FN,0.5862,0.6365,envelope,isolation_forest
172,5,IR,0.014,,3,normal,FN,0.6130,0.6365,envelope,isolation_forest
172,7,IR,0.014,,3,normal,FN,0.5103,0.6365,envelope,isolation_forest
172,8,IR,0.014,,3,normal,FN,0.5294,0.6365,envelope,isolation_forest
172,10,IR,0.014,,3,normal,FN,0.5407,0.6365,envelope,isolation_forest
172,11,IR,0.014,,3,normal,FN,0.6253,0.6365,envelope,isolation_forest
172,12,IR,0.014,,3,normal,FN,0.5941,0.6365,envelope,isolation_forest
172,14,IR,0.014,,3,normal,FN,0.5985,0.6365,envelope,isolation_forest
172,16,IR,0.014,,3,normal,FN,0.6124,0.6365,envelope,isolation_forest
172,17,IR,0.014,,3,normal,FN,0.5865,0.6365,envelope,isolation_forest
172,18,IR,0.014,,3,normal,FN,0.5211,0.6365,envelope,isolation_forest
172,19,IR,0.014,,3,normal,FN,0.5029,0.6365,envelope,isolation_forest
172,20,IR,0.014,,3,normal,FN,0.5556,0.6365,envelope,isolation_forest
172,21,IR,0.014,,3,normal,FN,0.4906,0.6365,envelope,isolation_forest
172,22,IR,0.014,,3,normal,FN,0.5505,0.6365,envelope,isolation_forest
172,23,IR,0.014,,3,normal,FN,0.6041,0.6365,envelope,isolation_forest
172,24,IR,0.014,,3,normal,FN,0.5785,0.6365,envelope,isolation_forest
172,26,IR,0.014,,3,normal,FN,0.5687,0.6365,envelope,isolation_forest
172,27,IR,0.014,,3,normal,FN,0.5880,0.6365,envelope,isolation_forest
172,28,IR,0.014,,3,normal,FN,0.6264,0.6365,envelope,isolation_forest
172,30,IR,0.014,,3,normal,FN,0.6002,0.6365,envelope,isolation_forest
172,32,IR,0.014,,3,normal,FN,0.6105,0.6365,envelope,isolation_forest
172,33,IR,0.014,,3,normal,FN,0.5251,0.6365,envelope,isolation_forest
172,34,IR,0.014,,3,normal,FN,0.4945,0.6365,envelope,isolation_forest
172,35,IR,0.014,,3,normal,FN,0.6314,0.6365,envelope,isolation_forest
172,36,IR,0.014,,3,normal,FN,0.6255,0.6365,envelope,isolation_forest
172,37,IR,0.014,,3,normal,FN,0.5571,0.6365,envelope,isolation_forest
172,38,IR,0.014,,3,normal,FN,0.5983,0.6365,envelope,isolation_forest
172,41,IR,0.014,,3,normal,FN,0.5528,0.6365,envelope,isolation_forest
172,42,IR,0.014,,3,normal,FN,0.6321,0.6365,envelope,isolation_forest
172,43,IR,0.014,,3,normal,FN,0.5900,0.6365,envelope,isolation_forest
172,44,IR,0.014,,3,normal,FN,0.5667,0.6365,envelope,isolation_forest
172,45,IR,0.014,,3,normal,FN,0.4661,0.6365,envelope,isolation_forest
172,46,IR,0.014,,3,normal,FN,0.5736,0.6365,envelope,isolation_forest
172,47,IR,0.014,,3,normal,FN,0.5226,0.6365,envelope,isolation_forest
172,48,IR,0.014,,3,normal,FN,0.4754,0.6365,envelope,isolation_forest
172,50,IR,0.014,,3,normal,FN,0.5813,0.6365,envelope,isolation_forest
172,52,IR,0.014,,3,normal,FN,0.6026,0.6365,envelope,isolation_forest
172,53,IR,0.014,,3,normal,FN,0.6167,0.6365,envelope,isolation_forest
172,55,IR,0.014,,3,normal,FN,0.6017,0.6365,envelope,isolation_forest
172,56,IR,0.014,,3,normal,FN,0.6080,0.6365,envelope,isolation_forest
188,0,B,0.014,,3,normal,FN,0.5874,0.6365,envelope,isolation_forest
188,1,B,0.014,,3,normal,FN,0.4480,0.6365,envelope,isolation_forest
188,2,B,0.014,,3,normal,FN,0.5916,0.6365,envelope,isolation_forest
188,3,B,0.014,,3,normal,FN,0.3873,0.6365,envelope,isolation_forest
188,4,B,0.014,,3,normal,FN,0.4448,0.6365,envelope,isolation_forest
188,5,B,0.014,,3,normal,FN,0.4376,0.6365,envelope,isolation_forest
188,6,B,0.014,,3,normal,FN,0.5107,0.6365,envelope,isolation_forest
188,7,B,0.014,,3,normal,FN,0.5794,0.6365,envelope,isolation_forest
188,8,B,0.014,,3,normal,FN,0.4193,0.6365,envelope,isolation_forest
188,9,B,0.014,,3,normal,FN,0.4561,0.6365,envelope,isolation_forest
188,10,B,0.014,,3,normal,FN,0.4602,0.6365,envelope,isolation_forest
188,11,B,0.014,,3,normal,FN,0.4207,0.6365,envelope,isolation_forest
188,12,B,0.014,,3,normal,FN,0.4204,0.6365,envelope,isolation_forest
188,13,B,0.014,,3,normal,FN,0.5367,0.6365,envelope,isolation_forest
188,14,B,0.014,,3,normal,FN,0.4251,0.6365,envelope,isolation_forest
188,15,B,0.014,,3,normal,FN,0.4936,0.6365,envelope,isolation_forest
188,16,B,0.014,,3,normal,FN,0.4128,0.6365,envelope,isolation_forest
188,17,B,0.014,,3,normal,FN,0.4186,0.6365,envelope,isolation_forest
188,18,B,0.014,,3,normal,FN,0.4660,0.6365,envelope,isolation_forest
188,19,B,0.014,,3,normal,FN,0.4471,0.6365,envelope,isolation_forest
188,20,B,0.014,,3,normal,FN,0.3794,0.6365,envelope,isolation_forest
188,21,B,0.014,,3,normal,FN,0.5382,0.6365,envelope,isolation_forest
188,22,B,0.014,,3,normal,FN,0.5607,0.6365,envelope,isolation_forest
188,23,B,0.014,,3,normal,FN,0.4598,0.6365,envelope,isolation_forest
188,24,B,0.014,,3,normal,FN,0.4564,0.6365,envelope,isolation_forest
188,25,B,0.014,,3,normal,FN,0.4044,0.6365,envelope,isolation_forest
188,26,B,0.014,,3,normal,FN,0.4396,0.6365,envelope,isolation_forest
188,27,B,0.014,,3,normal,FN,0.4817,0.6365,envelope,isolation_forest
188,28,B,0.014,,3,normal,FN,0.3864,0.6365,envelope,isolation_forest
188,29,B,0.014,,3,normal,FN,0.5137,0.6365,envelope,isolation_forest
188,30,B,0.014,,3,normal,FN,0.4180,0.6365,envelope,isolation_forest
188,31,B,0.014,,3,normal,FN,0.4350,0.6365,envelope,isolation_forest
188,32,B,0.014,,3,normal,FN,0.3914,0.6365,envelope,isolation_forest
188,33,B,0.014,,3,normal,FN,0.5452,0.6365,envelope,isolation_forest
188,34,B,0.014,,3,normal,FN,0.3828,0.6365,envelope,isolation_forest
188,35,B,0.014,,3,normal,FN,0.4387,0.6365,envelope,isolation_forest
188,36,B,0.014,,3,normal,FN,0.4098,0.6365,envelope,isolation_forest
188,37,B,0.014,,3,normal,FN,0.4129,0.6365,envelope,isolation_forest
188,38,B,0.014,,3,normal,FN,0.3822,0.6365,envelope,isolation_forest
188,39,B,0.014,,3,normal,FN,0.4371,0.6365,envelope,isolation_forest
188,40,B,0.014,,3,normal,FN,0.4229,0.6365,envelope,isolation_forest
188,41,B,0.014,,3,normal,FN,0.4780,0.6365,envelope,isolation_forest
188,42,B,0.014,,3,normal,FN,0.4120,0.6365,envelope,isolation_forest
188,43,B,0.014,,3,normal,FN,0.5228,0.6365,envelope,isolation_forest
188,44,B,0.014,,3,normal,FN,0.4945,0.6365,envelope,isolation_forest
188,45,B,0.014,,3,normal,FN,0.4664,0.6365,envelope,isolation_forest
188,46,B,0.014,,3,normal,FN,0.3965,0.6365,envelope,isolation_forest
188,47,B,0.014,,3,normal,FN,0.4835,0.6365,envelope,isolation_forest
188,48,B,0.014,,3,normal,FN,0.4544,0.6365,envelope,isolation_forest
188,49,B,0.014,,3,normal,FN,0.4864,0.6365,envelope,isolation_forest
188,50,B,0.014,,3,normal,FN,0.4641,0.6365,envelope,isolation_forest
188,51,B,0.014,,3,normal,FN,0.3879,0.6365,envelope,isolation_forest
188,52,B,0.014,,3,normal,FN,0.4349,0.6365,envelope,isolation_forest
188,53,B,0.014,,3,normal,FN,0.4217,0.6365,envelope,isolation_forest
188,54,B,0.014,,3,normal,FN,0.3931,0.6365,envelope,isolation_forest
188,55,B,0.014,,3,normal,FN,0.4854,0.6365,envelope,isolation_forest
188,56,B,0.014,,3,normal,FN,0.3903,0.6365,envelope,isolation_forest
188,57,B,0.014,,3,normal,FN,0.4220,0.6365,envelope,isolation_forest
200,0,OR,0.014,6,3,normal,FN,0.4812,0.6365,envelope,isolation_forest
200,1,OR,0.014,6,3,normal,FN,0.5193,0.6365,envelope,isolation_forest
200,2,OR,0.014,6,3,normal,FN,0.5100,0.6365,envelope,isolation_forest
200,3,OR,0.014,6,3,normal,FN,0.4162,0.6365,envelope,isolation_forest
200,4,OR,0.014,6,3,normal,FN,0.5296,0.6365,envelope,isolation_forest
200,5,OR,0.014,6,3,normal,FN,0.4756,0.6365,envelope,isolation_forest
200,6,OR,0.014,6,3,normal,FN,0.4409,0.6365,envelope,isolation_forest
200,7,OR,0.014,6,3,normal,FN,0.4720,0.6365,envelope,isolation_forest
200,8,OR,0.014,6,3,normal,FN,0.5255,0.6365,envelope,isolation_forest
200,9,OR,0.014,6,3,normal,FN,0.4938,0.6365,envelope,isolation_forest
200,10,OR,0.014,6,3,normal,FN,0.4711,0.6365,envelope,isolation_forest
200,11,OR,0.014,6,3,normal,FN,0.5363,0.6365,envelope,isolation_forest
200,12,OR,0.014,6,3,normal,FN,0.5342,0.6365,envelope,isolation_forest
200,13,OR,0.014,6,3,normal,FN,0.4094,0.6365,envelope,isolation_forest
200,14,OR,0.014,6,3,normal,FN,0.3838,0.6365,envelope,isolation_forest
200,16,OR,0.014,6,3,normal,FN,0.4790,0.6365,envelope,isolation_forest
200,17,OR,0.014,6,3,normal,FN,0.4829,0.6365,envelope,isolation_forest
200,18,OR,0.014,6,3,normal,FN,0.4329,0.6365,envelope,isolation_forest
200,19,OR,0.014,6,3,normal,FN,0.4379,0.6365,envelope,isolation_forest
200,20,OR,0.014,6,3,normal,FN,0.4590,0.6365,envelope,isolation_forest
200,21,OR,0.014,6,3,normal,FN,0.4850,0.6365,envelope,isolation_forest
200,22,OR,0.014,6,3,normal,FN,0.4106,0.6365,envelope,isolation_forest
200,23,OR,0.014,6,3,normal,FN,0.5814,0.6365,envelope,isolation_forest
200,24,OR,0.014,6,3,normal,FN,0.5833,0.6365,envelope,isolation_forest
200,25,OR,0.014,6,3,normal,FN,0.6204,0.6365,envelope,isolation_forest
200,26,OR,0.014,6,3,normal,FN,0.5424,0.6365,envelope,isolation_forest
200,27,OR,0.014,6,3,normal,FN,0.4676,0.6365,envelope,isolation_forest
200,28,OR,0.014,6,3,normal,FN,0.5225,0.6365,envelope,isolation_forest
200,29,OR,0.014,6,3,normal,FN,0.4688,0.6365,envelope,isolation_forest
200,30,OR,0.014,6,3,normal,FN,0.5804,0.6365,envelope,isolation_forest
200,31,OR,0.014,6,3,normal,FN,0.5569,0.6365,envelope,isolation_forest
200,32,OR,0.014,6,3,normal,FN,0.4206,0.6365,envelope,isolation_forest
200,33,OR,0.014,6,3,normal,FN,0.4521,0.6365,envelope,isolation_forest
200,34,OR,0.014,6,3,normal,FN,0.6320,0.6365,envelope,isolation_forest
200,35,OR,0.014,6,3,normal,FN,0.5329,0.6365,envelope,isolation_forest
200,36,OR,0.014,6,3,normal,FN,0.4663,0.6365,envelope,isolation_forest
200,37,OR,0.014,6,3,normal,FN,0.5227,0.6365,envelope,isolation_forest
200,38,OR,0.014,6,3,normal,FN,0.4069,0.6365,envelope,isolation_forest
200,39,OR,0.014,6,3,normal,FN,0.4779,0.6365,envelope,isolation_forest
200,40,OR,0.014,6,3,normal,FN,0.5026,0.6365,envelope,isolation_forest
200,41,OR,0.014,6,3,normal,FN,0.3819,0.6365,envelope,isolation_forest
200,42,OR,0.014,6,3,normal,FN,0.5544,0.6365,envelope,isolation_forest
200,43,OR,0.014,6,3,normal,FN,0.5304,0.6365,envelope,isolation_forest
200,44,OR,0.014,6,3,normal,FN,0.4801,0.6365,envelope,isolation_forest
200,45,OR,0.014,6,3,normal,FN,0.4967,0.6365,envelope,isolation_forest
200,46,OR,0.014,6,3,normal,FN,0.4119,0.6365,envelope,isolation_forest
200,47,OR,0.014,6,3,normal,FN,0.4855,0.6365,envelope,isolation_forest
200,48,OR,0.014,6,3,normal,FN,0.4792,0.6365,envelope,isolation_forest
200,49,OR,0.014,6,3,normal,FN,0.4537,0.6365,envelope,isolation_forest
200,50,OR,0.014,6,3,normal,FN,0.4170,0.6365,envelope,isolation_forest
200,51,OR,0.014,6,3,normal,FN,0.4491,0.6365,envelope,isolation_forest
200,52,OR,0.014,6,3,normal,FN,0.5065,0.6365,envelope,isolation_forest
200,53,OR,0.014,6,3,normal,FN,0.5488,0.6365,envelope,isolation_forest
200,54,OR,0.014,6,3,normal,FN,0.5308,0.6365,envelope,isolation_forest
200,55,OR,0.014,6,3,normal,FN,0.4315,0.6365,envelope,isolation_forest
200,56,OR,0.014,6,3,normal,FN,0.4528,0.6365,envelope,isolation_forest
200,57,OR,0.014,6,3,normal,FN,0.4442,0.6365,envelope,isolation_forest
212,3,IR,0.021,,3,normal,FN,0.6007,0.6365,envelope,isolation_forest
212,4,IR,0.021,,3,normal,FN,0.5928,0.6365,envelope,isolation_forest
212,5,IR,0.021,,3,normal,FN,0.5917,0.6365,envelope,isolation_forest
212,8,IR,0.021,,3,normal,FN,0.6111,0.6365,envelope,isolation_forest
212,9,IR,0.021,,3,normal,FN,0.6241,0.6365,envelope,isolation_forest
212,13,IR,0.021,,3,normal,FN,0.6279,0.6365,envelope,isolation_forest
212,18,IR,0.021,,3,normal,FN,0.6200,0.6365,envelope,isolation_forest
212,19,IR,0.021,,3,normal,FN,0.6229,0.6365,envelope,isolation_forest
212,20,IR,0.021,,3,normal,FN,0.5712,0.6365,envelope,isolation_forest
212,21,IR,0.021,,3,normal,FN,0.5964,0.6365,envelope,isolation_forest
212,29,IR,0.021,,3,normal,FN,0.6357,0.6365,envelope,isolation_forest
212,31,IR,0.021,,3,normal,FN,0.6306,0.6365,envelope,isolation_forest
212,33,IR,0.021,,3,normal,FN,0.6178,0.6365,envelope,isolation_forest
212,35,IR,0.021,,3,normal,FN,0.5781,0.6365,envelope,isolation_forest
212,40,IR,0.021,,3,normal,FN,0.6343,0.6365,envelope,isolation_forest
212,46,IR,0.021,,3,normal,FN,0.6308,0.6365,envelope,isolation_forest
225,5,B,0.021,,3,normal,FN,0.6333,0.6365,envelope,isolation_forest
225,11,B,0.021,,3,normal,FN,0.6329,0.6365,envelope,isolation_forest
225,12,B,0.021,,3,normal,FN,0.5947,0.6365,envelope,isolation_forest
225,13,B,0.021,,3,normal,FN,0.5641,0.6365,envelope,isolation_forest
225,17,B,0.021,,3,normal,FN,0.5950,0.6365,envelope,isolation_forest
225,18,B,0.021,,3,normal,FN,0.6202,0.6365,envelope,isolation_forest
225,19,B,0.021,,3,normal,FN,0.6159,0.6365,envelope,isolation_forest
225,22,B,0.021,,3,normal,FN,0.6113,0.6365,envelope,isolation_forest
225,23,B,0.021,,3,normal,FN,0.6239,0.6365,envelope,isolation_forest
225,24,B,0.021,,3,normal,FN,0.6007,0.6365,envelope,isolation_forest
225,27,B,0.021,,3,normal,FN,0.6020,0.6365,envelope,isolation_forest
225,28,B,0.021,,3,normal,FN,0.5948,0.6365,envelope,isolation_forest
225,33,B,0.021,,3,normal,FN,0.5718,0.6365,envelope,isolation_forest
225,34,B,0.021,,3,normal,FN,0.6197,0.6365,envelope,isolation_forest
225,39,B,0.021,,3,normal,FN,0.5589,0.6365,envelope,isolation_forest
225,40,B,0.021,,3,normal,FN,0.6187,0.6365,envelope,isolation_forest
225,41,B,0.021,,3,normal,FN,0.6229,0.6365,envelope,isolation_forest
225,44,B,0.021,,3,normal,FN,0.6336,0.6365,envelope,isolation_forest
225,46,B,0.021,,3,normal,FN,0.5963,0.6365,envelope,isolation_forest
225,47,B,0.021,,3,normal,FN,0.5846,0.6365,envelope,isolation_forest
225,49,B,0.021,,3,normal,FN,0.6325,0.6365,envelope,isolation_forest
225,53,B,0.021,,3,normal,FN,0.6088,0.6365,envelope,isolation_forest
225,54,B,0.021,,3,normal,FN,0.6200,0.6365,envelope,isolation_forest
225,56,B,0.021,,3,normal,FN,0.6274,0.6365,envelope,isolation_forest
225,57,B,0.021,,3,normal,FN,0.5970,0.6365,envelope,isolation_forest
237,0,OR,0.021,6,3,normal,FN,0.6260,0.6365,envelope,isolation_forest
237,8,OR,0.021,6,3,normal,FN,0.6217,0.6365,envelope,isolation_forest
237,19,OR,0.021,6,3,normal,FN,0.5887,0.6365,envelope,isolation_forest
237,27,OR,0.021,6,3,normal,FN,0.6192,0.6365,envelope,isolation_forest
237,28,OR,0.021,6,3,normal,FN,0.6319,0.6365,envelope,isolation_forest
237,32,OR,0.021,6,3,normal,FN,0.6348,0.6365,envelope,isolation_forest
237,34,OR,0.021,6,3,normal,FN,0.6359,0.6365,envelope,isolation_forest
237,35,OR,0.021,6,3,normal,FN,0.5761,0.6365,envelope,isolation_forest
237,36,OR,0.021,6,3,normal,FN,0.6177,0.6365,envelope,isolation_forest
237,38,OR,0.021,6,3,normal,FN,0.6259,0.6365,envelope,isolation_forest
237,39,OR,0.021,6,3,normal,FN,0.6179,0.6365,envelope,isolation_forest
237,45,OR,0.021,6,3,normal,FN,0.6239,0.6365,envelope,isolation_forest
237,46,OR,0.021,6,3,normal,FN,0.5928,0.6365,envelope,isolation_forest
237,53,OR,0.021,6,3,normal,FN,0.6302,0.6365,envelope,isolation_forest
237,54,OR,0.021,6,3,normal,FN,0.6346,0.6365,envelope,isolation_forest
100,0,normal,,,3,anomalia,FP,-0.6794,-0.8001,envelope,ocsvm
100,1,normal,,,3,anomalia,FP,-0.7177,-0.8001,envelope,ocsvm
100,3,normal,,,3,anomalia,FP,-0.6699,-0.8001,envelope,ocsvm
100,4,normal,,,3,anomalia,FP,-0.6432,-0.8001,envelope,ocsvm
100,11,normal,,,3,anomalia,FP,-0.7713,-0.8001,envelope,ocsvm
100,12,normal,,,3,anomalia,FP,-0.5757,-0.8001,envelope,ocsvm
100,13,normal,,,3,anomalia,FP,-0.6317,-0.8001,envelope,ocsvm
100,15,normal,,,3,anomalia,FP,-0.5579,-0.8001,envelope,ocsvm
100,16,normal,,,3,anomalia,FP,-0.5411,-0.8001,envelope,ocsvm
100,18,normal,,,3,anomalia,FP,-0.7939,-0.8001,envelope,ocsvm
100,19,normal,,,3,anomalia,FP,-0.7050,-0.8001,envelope,ocsvm
100,20,normal,,,3,anomalia,FP,-0.7408,-0.8001,envelope,ocsvm
100,21,normal,,,3,anomalia,FP,-0.7691,-0.8001,envelope,ocsvm
100,23,normal,,,3,anomalia,FP,-0.2899,-0.8001,envelope,ocsvm
100,24,normal,,,3,anomalia,FP,-0.1321,-0.8001,envelope,ocsvm
100,28,normal,,,3,anomalia,FP,-0.3853,-0.8001,envelope,ocsvm
100,29,normal,,,3,anomalia,FP,-0.7727,-0.8001,envelope,ocsvm
100,30,normal,,,3,anomalia,FP,-0.7515,-0.8001,envelope,ocsvm
100,31,normal,,,3,anomalia,FP,-0.4957,-0.8001,envelope,ocsvm
100,32,normal,,,3,anomalia,FP,-0.4958,-0.8001,envelope,ocsvm
100,34,normal,,,3,anomalia,FP,-0.5476,-0.8001,envelope,ocsvm
100,37,normal,,,3,anomalia,FP,-0.1570,-0.8001,envelope,ocsvm
100,39,normal,,,3,anomalia,FP,-0.5913,-0.8001,envelope,ocsvm
100,40,normal,,,3,anomalia,FP,-0.7357,-0.8001,envelope,ocsvm
100,44,normal,,,3,anomalia,FP,-0.7903,-0.8001,envelope,ocsvm
100,45,normal,,,3,anomalia,FP,-0.6233,-0.8001,envelope,ocsvm
100,51,normal,,,3,anomalia,FP,-0.2415,-0.8001,envelope,ocsvm
100,53,normal,,,3,anomalia,FP,-0.7493,-0.8001,envelope,ocsvm
100,57,normal,,,3,anomalia,FP,-0.6677,-0.8001,envelope,ocsvm
121,0,B,0.007,,3,normal,FN,-0.9300,-0.8001,envelope,ocsvm
121,1,B,0.007,,3,normal,FN,-0.8288,-0.8001,envelope,ocsvm
121,3,B,0.007,,3,normal,FN,-0.8444,-0.8001,envelope,ocsvm
121,5,B,0.007,,3,normal,FN,-0.8906,-0.8001,envelope,ocsvm
121,6,B,0.007,,3,normal,FN,-0.8758,-0.8001,envelope,ocsvm
121,7,B,0.007,,3,normal,FN,-0.9329,-0.8001,envelope,ocsvm
121,11,B,0.007,,3,normal,FN,-0.8624,-0.8001,envelope,ocsvm
121,13,B,0.007,,3,normal,FN,-0.8629,-0.8001,envelope,ocsvm
121,14,B,0.007,,3,normal,FN,-0.8931,-0.8001,envelope,ocsvm
121,15,B,0.007,,3,normal,FN,-0.9104,-0.8001,envelope,ocsvm
121,19,B,0.007,,3,normal,FN,-0.8421,-0.8001,envelope,ocsvm
121,21,B,0.007,,3,normal,FN,-0.8613,-0.8001,envelope,ocsvm
121,23,B,0.007,,3,normal,FN,-0.8599,-0.8001,envelope,ocsvm
121,26,B,0.007,,3,normal,FN,-0.8448,-0.8001,envelope,ocsvm
121,28,B,0.007,,3,normal,FN,-0.8932,-0.8001,envelope,ocsvm
121,33,B,0.007,,3,normal,FN,-0.9175,-0.8001,envelope,ocsvm
121,34,B,0.007,,3,normal,FN,-0.8721,-0.8001,envelope,ocsvm
121,37,B,0.007,,3,normal,FN,-0.8762,-0.8001,envelope,ocsvm
121,40,B,0.007,,3,normal,FN,-0.8779,-0.8001,envelope,ocsvm
121,41,B,0.007,,3,normal,FN,-0.8025,-0.8001,envelope,ocsvm
121,42,B,0.007,,3,normal,FN,-0.9186,-0.8001,envelope,ocsvm
121,47,B,0.007,,3,normal,FN,-0.9066,-0.8001,envelope,ocsvm
121,51,B,0.007,,3,normal,FN,-0.8793,-0.8001,envelope,ocsvm
121,52,B,0.007,,3,normal,FN,-0.8437,-0.8001,envelope,ocsvm
121,53,B,0.007,,3,normal,FN,-0.8426,-0.8001,envelope,ocsvm
121,54,B,0.007,,3,normal,FN,-0.8622,-0.8001,envelope,ocsvm
121,56,B,0.007,,3,normal,FN,-0.8406,-0.8001,envelope,ocsvm
172,21,IR,0.014,,3,normal,FN,-0.8159,-0.8001,envelope,ocsvm
172,34,IR,0.014,,3,normal,FN,-0.8049,-0.8001,envelope,ocsvm
172,45,IR,0.014,,3,normal,FN,-0.8354,-0.8001,envelope,ocsvm
172,48,IR,0.014,,3,normal,FN,-0.8268,-0.8001,envelope,ocsvm
188,1,B,0.014,,3,normal,FN,-0.8278,-0.8001,envelope,ocsvm
188,3,B,0.014,,3,normal,FN,-0.8716,-0.8001,envelope,ocsvm
188,4,B,0.014,,3,normal,FN,-0.9206,-0.8001,envelope,ocsvm
188,5,B,0.014,,3,normal,FN,-0.8723,-0.8001,envelope,ocsvm
188,6,B,0.014,,3,normal,FN,-0.8133,-0.8001,envelope,ocsvm
188,8,B,0.014,,3,normal,FN,-0.8353,-0.8001,envelope,ocsvm
188,9,B,0.014,,3,normal,FN,-0.8589,-0.8001,envelope,ocsvm
188,10,B,0.014,,3,normal,FN,-0.8928,-0.8001,envelope,ocsvm
188,11,B,0.014,,3,normal,FN,-0.8728,-0.8001,envelope,ocsvm
188,12,B,0.014,,3,normal,FN,-0.8322,-0.8001,envelope,ocsvm
188,14,B,0.014,,3,normal,FN,-0.8244,-0.8001,envelope,ocsvm
188,15,B,0.014,,3,normal,FN,-0.8341,-0.8001,envelope,ocsvm
188,16,B,0.014,,3,normal,FN,-0.8225,-0.8001,envelope,ocsvm
188,17,B,0.014,,3,normal,FN,-0.8870,-0.8001,envelope,ocsvm
188,18,B,0.014,,3,normal,FN,-0.8666,-0.8001,envelope,ocsvm
188,19,B,0.014,,3,normal,FN,-0.8727,-0.8001,envelope,ocsvm
188,20,B,0.014,,3,normal,FN,-0.8709,-0.8001,envelope,ocsvm
188,21,B,0.014,,3,normal,FN,-0.8090,-0.8001,envelope,ocsvm
188,23,B,0.014,,3,normal,FN,-0.8413,-0.8001,envelope,ocsvm
188,24,B,0.014,,3,normal,FN,-0.8596,-0.8001,envelope,ocsvm
188,25,B,0.014,,3,normal,FN,-0.8730,-0.8001,envelope,ocsvm
188,26,B,0.014,,3,normal,FN,-0.8503,-0.8001,envelope,ocsvm
188,27,B,0.014,,3,normal,FN,-0.8727,-0.8001,envelope,ocsvm
188,28,B,0.014,,3,normal,FN,-0.8437,-0.8001,envelope,ocsvm
188,29,B,0.014,,3,normal,FN,-0.8707,-0.8001,envelope,ocsvm
188,30,B,0.014,,3,normal,FN,-0.8307,-0.8001,envelope,ocsvm
188,31,B,0.014,,3,normal,FN,-0.8538,-0.8001,envelope,ocsvm
188,32,B,0.014,,3,normal,FN,-0.8631,-0.8001,envelope,ocsvm
188,34,B,0.014,,3,normal,FN,-0.8738,-0.8001,envelope,ocsvm
188,35,B,0.014,,3,normal,FN,-0.8629,-0.8001,envelope,ocsvm
188,36,B,0.014,,3,normal,FN,-0.9163,-0.8001,envelope,ocsvm
188,37,B,0.014,,3,normal,FN,-0.8777,-0.8001,envelope,ocsvm
188,38,B,0.014,,3,normal,FN,-0.8444,-0.8001,envelope,ocsvm
188,39,B,0.014,,3,normal,FN,-0.8526,-0.8001,envelope,ocsvm
188,40,B,0.014,,3,normal,FN,-0.8425,-0.8001,envelope,ocsvm
188,41,B,0.014,,3,normal,FN,-0.8082,-0.8001,envelope,ocsvm
188,42,B,0.014,,3,normal,FN,-0.8213,-0.8001,envelope,ocsvm
188,43,B,0.014,,3,normal,FN,-0.8432,-0.8001,envelope,ocsvm
188,44,B,0.014,,3,normal,FN,-0.8939,-0.8001,envelope,ocsvm
188,45,B,0.014,,3,normal,FN,-0.8689,-0.8001,envelope,ocsvm
188,46,B,0.014,,3,normal,FN,-0.8218,-0.8001,envelope,ocsvm
188,48,B,0.014,,3,normal,FN,-0.8966,-0.8001,envelope,ocsvm
188,50,B,0.014,,3,normal,FN,-0.9054,-0.8001,envelope,ocsvm
188,51,B,0.014,,3,normal,FN,-0.8529,-0.8001,envelope,ocsvm
188,52,B,0.014,,3,normal,FN,-0.8510,-0.8001,envelope,ocsvm
188,53,B,0.014,,3,normal,FN,-0.9191,-0.8001,envelope,ocsvm
188,54,B,0.014,,3,normal,FN,-0.8655,-0.8001,envelope,ocsvm
188,55,B,0.014,,3,normal,FN,-0.8395,-0.8001,envelope,ocsvm
188,56,B,0.014,,3,normal,FN,-0.8876,-0.8001,envelope,ocsvm
188,57,B,0.014,,3,normal,FN,-0.9251,-0.8001,envelope,ocsvm
200,0,OR,0.014,6,3,normal,FN,-0.8302,-0.8001,envelope,ocsvm
200,2,OR,0.014,6,3,normal,FN,-0.8215,-0.8001,envelope,ocsvm
200,3,OR,0.014,6,3,normal,FN,-0.9133,-0.8001,envelope,ocsvm
200,5,OR,0.014,6,3,normal,FN,-0.8787,-0.8001,envelope,ocsvm
200,6,OR,0.014,6,3,normal,FN,-0.8373,-0.8001,envelope,ocsvm
200,7,OR,0.014,6,3,normal,FN,-0.8838,-0.8001,envelope,ocsvm
200,8,OR,0.014,6,3,normal,FN,-0.9307,-0.8001,envelope,ocsvm
200,9,OR,0.014,6,3,normal,FN,-0.8350,-0.8001,envelope,ocsvm
200,10,OR,0.014,6,3,normal,FN,-0.8838,-0.8001,envelope,ocsvm
200,12,OR,0.014,6,3,normal,FN,-0.8634,-0.8001,envelope,ocsvm
200,13,OR,0.014,6,3,normal,FN,-0.8511,-0.8001,envelope,ocsvm
200,14,OR,0.014,6,3,normal,FN,-0.8806,-0.8001,envelope,ocsvm
200,16,OR,0.014,6,3,normal,FN,-0.8420,-0.8001,envelope,ocsvm
200,17,OR,0.014,6,3,normal,FN,-0.8555,-0.8001,envelope,ocsvm
200,18,OR,0.014,6,3,normal,FN,-0.8155,-0.8001,envelope,ocsvm
200,19,OR,0.014,6,3,normal,FN,-0.8872,-0.8001,envelope,ocsvm
200,20,OR,0.014,6,3,normal,FN,-0.8764,-0.8001,envelope,ocsvm
200,21,OR,0.014,6,3,normal,FN,-0.8921,-0.8001,envelope,ocsvm
200,22,OR,0.014,6,3,normal,FN,-0.8469,-0.8001,envelope,ocsvm
200,27,OR,0.014,6,3,normal,FN,-0.8595,-0.8001,envelope,ocsvm
200,28,OR,0.014,6,3,normal,FN,-0.8449,-0.8001,envelope,ocsvm
200,29,OR,0.014,6,3,normal,FN,-0.8658,-0.8001,envelope,ocsvm
200,31,OR,0.014,6,3,normal,FN,-0.8670,-0.8001,envelope,ocsvm
200,32,OR,0.014,6,3,normal,FN,-0.8251,-0.8001,envelope,ocsvm
200,33,OR,0.014,6,3,normal,FN,-0.8814,-0.8001,envelope,ocsvm
200,36,OR,0.014,6,3,normal,FN,-0.8502,-0.8001,envelope,ocsvm
200,37,OR,0.014,6,3,normal,FN,-0.9244,-0.8001,envelope,ocsvm
200,38,OR,0.014,6,3,normal,FN,-0.8838,-0.8001,envelope,ocsvm
200,39,OR,0.014,6,3,normal,FN,-0.8582,-0.8001,envelope,ocsvm
200,40,OR,0.014,6,3,normal,FN,-0.8313,-0.8001,envelope,ocsvm
200,41,OR,0.014,6,3,normal,FN,-0.8731,-0.8001,envelope,ocsvm
200,43,OR,0.014,6,3,normal,FN,-0.8237,-0.8001,envelope,ocsvm
200,44,OR,0.014,6,3,normal,FN,-0.8441,-0.8001,envelope,ocsvm
200,45,OR,0.014,6,3,normal,FN,-0.8711,-0.8001,envelope,ocsvm
200,46,OR,0.014,6,3,normal,FN,-0.9021,-0.8001,envelope,ocsvm
200,47,OR,0.014,6,3,normal,FN,-0.8212,-0.8001,envelope,ocsvm
200,48,OR,0.014,6,3,normal,FN,-0.8563,-0.8001,envelope,ocsvm
200,49,OR,0.014,6,3,normal,FN,-0.8941,-0.8001,envelope,ocsvm
200,50,OR,0.014,6,3,normal,FN,-0.9070,-0.8001,envelope,ocsvm
200,51,OR,0.014,6,3,normal,FN,-0.8712,-0.8001,envelope,ocsvm
200,52,OR,0.014,6,3,normal,FN,-0.8358,-0.8001,envelope,ocsvm
200,53,OR,0.014,6,3,normal,FN,-0.8043,-0.8001,envelope,ocsvm
200,55,OR,0.014,6,3,normal,FN,-0.8399,-0.8001,envelope,ocsvm
200,56,OR,0.014,6,3,normal,FN,-0.8444,-0.8001,envelope,ocsvm
200,57,OR,0.014,6,3,normal,FN,-0.9280,-0.8001,envelope,ocsvm
100,23,normal,,,3,anomalia,FP,2.6670,2.2104,envelope,autoencoder
100,24,normal,,,3,anomalia,FP,2.4872,2.2104,envelope,autoencoder
121,0,B,0.007,,3,normal,FN,0.6891,2.2104,envelope,autoencoder
121,1,B,0.007,,3,normal,FN,0.0330,2.2104,envelope,autoencoder
121,2,B,0.007,,3,normal,FN,0.3187,2.2104,envelope,autoencoder
121,3,B,0.007,,3,normal,FN,0.2768,2.2104,envelope,autoencoder
121,4,B,0.007,,3,normal,FN,0.3040,2.2104,envelope,autoencoder
121,5,B,0.007,,3,normal,FN,0.1014,2.2104,envelope,autoencoder
121,6,B,0.007,,3,normal,FN,0.1017,2.2104,envelope,autoencoder
121,7,B,0.007,,3,normal,FN,0.2143,2.2104,envelope,autoencoder
121,8,B,0.007,,3,normal,FN,0.3320,2.2104,envelope,autoencoder
121,9,B,0.007,,3,normal,FN,0.5193,2.2104,envelope,autoencoder
121,10,B,0.007,,3,normal,FN,1.1278,2.2104,envelope,autoencoder
121,11,B,0.007,,3,normal,FN,0.0903,2.2104,envelope,autoencoder
121,12,B,0.007,,3,normal,FN,0.9644,2.2104,envelope,autoencoder
121,13,B,0.007,,3,normal,FN,0.1938,2.2104,envelope,autoencoder
121,14,B,0.007,,3,normal,FN,0.0498,2.2104,envelope,autoencoder
121,15,B,0.007,,3,normal,FN,0.5645,2.2104,envelope,autoencoder
121,16,B,0.007,,3,normal,FN,0.2816,2.2104,envelope,autoencoder
121,17,B,0.007,,3,normal,FN,1.3112,2.2104,envelope,autoencoder
121,18,B,0.007,,3,normal,FN,1.6295,2.2104,envelope,autoencoder
121,19,B,0.007,,3,normal,FN,0.3499,2.2104,envelope,autoencoder
121,20,B,0.007,,3,normal,FN,1.1924,2.2104,envelope,autoencoder
121,21,B,0.007,,3,normal,FN,0.3629,2.2104,envelope,autoencoder
121,22,B,0.007,,3,normal,FN,0.7929,2.2104,envelope,autoencoder
121,23,B,0.007,,3,normal,FN,0.1330,2.2104,envelope,autoencoder
121,25,B,0.007,,3,normal,FN,0.9363,2.2104,envelope,autoencoder
121,26,B,0.007,,3,normal,FN,0.3510,2.2104,envelope,autoencoder
121,27,B,0.007,,3,normal,FN,0.4785,2.2104,envelope,autoencoder
121,28,B,0.007,,3,normal,FN,0.2892,2.2104,envelope,autoencoder
121,29,B,0.007,,3,normal,FN,0.1702,2.2104,envelope,autoencoder
121,30,B,0.007,,3,normal,FN,2.1604,2.2104,envelope,autoencoder
121,31,B,0.007,,3,normal,FN,0.2893,2.2104,envelope,autoencoder
121,32,B,0.007,,3,normal,FN,0.0933,2.2104,envelope,autoencoder
121,33,B,0.007,,3,normal,FN,0.6613,2.2104,envelope,autoencoder
121,34,B,0.007,,3,normal,FN,0.6426,2.2104,envelope,autoencoder
121,35,B,0.007,,3,normal,FN,1.1029,2.2104,envelope,autoencoder
121,36,B,0.007,,3,normal,FN,0.0961,2.2104,envelope,autoencoder
121,37,B,0.007,,3,normal,FN,0.1855,2.2104,envelope,autoencoder
121,38,B,0.007,,3,normal,FN,1.5838,2.2104,envelope,autoencoder
121,39,B,0.007,,3,normal,FN,0.1010,2.2104,envelope,autoencoder
121,40,B,0.007,,3,normal,FN,0.1143,2.2104,envelope,autoencoder
121,41,B,0.007,,3,normal,FN,1.6643,2.2104,envelope,autoencoder
121,42,B,0.007,,3,normal,FN,0.6628,2.2104,envelope,autoencoder
121,43,B,0.007,,3,normal,FN,1.1687,2.2104,envelope,autoencoder
121,44,B,0.007,,3,normal,FN,0.8613,2.2104,envelope,autoencoder
121,45,B,0.007,,3,normal,FN,0.2425,2.2104,envelope,autoencoder
121,46,B,0.007,,3,normal,FN,0.3378,2.2104,envelope,autoencoder
121,47,B,0.007,,3,normal,FN,0.0607,2.2104,envelope,autoencoder
121,48,B,0.007,,3,normal,FN,0.3014,2.2104,envelope,autoencoder
121,49,B,0.007,,3,normal,FN,1.1275,2.2104,envelope,autoencoder
121,50,B,0.007,,3,normal,FN,0.6194,2.2104,envelope,autoencoder
121,51,B,0.007,,3,normal,FN,0.2581,2.2104,envelope,autoencoder
121,52,B,0.007,,3,normal,FN,0.6019,2.2104,envelope,autoencoder
121,53,B,0.007,,3,normal,FN,0.1757,2.2104,envelope,autoencoder
121,54,B,0.007,,3,normal,FN,0.6712,2.2104,envelope,autoencoder
121,55,B,0.007,,3,normal,FN,1.4712,2.2104,envelope,autoencoder
121,56,B,0.007,,3,normal,FN,0.0863,2.2104,envelope,autoencoder
121,57,B,0.007,,3,normal,FN,0.6406,2.2104,envelope,autoencoder
172,3,IR,0.014,,3,normal,FN,1.7859,2.2104,envelope,autoencoder
172,5,IR,0.014,,3,normal,FN,1.9949,2.2104,envelope,autoencoder
172,7,IR,0.014,,3,normal,FN,0.9542,2.2104,envelope,autoencoder
172,8,IR,0.014,,3,normal,FN,1.2051,2.2104,envelope,autoencoder
172,10,IR,0.014,,3,normal,FN,0.9589,2.2104,envelope,autoencoder
172,18,IR,0.014,,3,normal,FN,0.7836,2.2104,envelope,autoencoder
172,19,IR,0.014,,3,normal,FN,0.6888,2.2104,envelope,autoencoder
172,20,IR,0.014,,3,normal,FN,1.7341,2.2104,envelope,autoencoder
172,21,IR,0.014,,3,normal,FN,0.9120,2.2104,envelope,autoencoder
172,22,IR,0.014,,3,normal,FN,1.1772,2.2104,envelope,autoencoder
172,23,IR,0.014,,3,normal,FN,2.0061,2.2104,envelope,autoencoder
172,24,IR,0.014,,3,normal,FN,2.0952,2.2104,envelope,autoencoder
172,26,IR,0.014,,3,normal,FN,1.6360,2.2104,envelope,autoencoder
172,27,IR,0.014,,3,normal,FN,1.8072,2.2104,envelope,autoencoder
172,30,IR,0.014,,3,normal,FN,1.7873,2.2104,envelope,autoencoder
172,32,IR,0.014,,3,normal,FN,2.0338,2.2104,envelope,autoencoder
172,33,IR,0.014,,3,normal,FN,0.9104,2.2104,envelope,autoencoder
172,34,IR,0.014,,3,normal,FN,0.8812,2.2104,envelope,autoencoder
172,37,IR,0.014,,3,normal,FN,1.3681,2.2104,envelope,autoencoder
172,38,IR,0.014,,3,normal,FN,2.0335,2.2104,envelope,autoencoder
172,41,IR,0.014,,3,normal,FN,1.4752,2.2104,envelope,autoencoder
172,43,IR,0.014,,3,normal,FN,1.7820,2.2104,envelope,autoencoder
172,44,IR,0.014,,3,normal,FN,1.3373,2.2104,envelope,autoencoder
172,45,IR,0.014,,3,normal,FN,0.6368,2.2104,envelope,autoencoder
172,46,IR,0.014,,3,normal,FN,1.8259,2.2104,envelope,autoencoder
172,47,IR,0.014,,3,normal,FN,1.2556,2.2104,envelope,autoencoder
172,48,IR,0.014,,3,normal,FN,0.5118,2.2104,envelope,autoencoder
172,52,IR,0.014,,3,normal,FN,2.0654,2.2104,envelope,autoencoder
172,56,IR,0.014,,3,normal,FN,2.0526,2.2104,envelope,autoencoder
188,0,B,0.014,,3,normal,FN,1.5256,2.2104,envelope,autoencoder
188,1,B,0.014,,3,normal,FN,0.3950,2.2104,envelope,autoencoder
188,3,B,0.014,,3,normal,FN,0.0185,2.2104,envelope,autoencoder
188,4,B,0.014,,3,normal,FN,0.0829,2.2104,envelope,autoencoder
188,5,B,0.014,,3,normal,FN,0.6488,2.2104,envelope,autoencoder
188,6,B,0.014,,3,normal,FN,1.1335,2.2104,envelope,autoencoder
188,7,B,0.014,,3,normal,FN,2.1521,2.2104,envelope,autoencoder
188,8,B,0.014,,3,normal,FN,0.3179,2.2104,envelope,autoencoder
188,9,B,0.014,,3,normal,FN,0.3873,2.2104,envelope,autoencoder
188,10,B,0.014,,3,normal,FN,0.1070,2.2104,envelope,autoencoder
188,11,B,0.014,,3,normal,FN,0.0307,2.2104,envelope,autoencoder
188,12,B,0.014,,3,normal,FN,0.3264,2.2104,envelope,autoencoder
188,13,B,0.014,,3,normal,FN,1.1899,2.2104,envelope,autoencoder
188,14,B,0.014,,3,normal,FN,0.2198,2.2104,envelope,autoencoder
188,15,B,0.014,,3,normal,FN,0.8697,2.2104,envelope,autoencoder
188,16,B,0.014,,3,normal,FN,0.2826,2.2104,envelope,autoencoder
188,17,B,0.014,,3,normal,FN,0.5321,2.2104,envelope,autoencoder
188,18,B,0.014,,3,normal,FN,0.8521,2.2104,envelope,autoencoder
188,19,B,0.014,,3,normal,FN,0.2081,2.2104,envelope,autoencoder
188,20,B,0.014,,3,normal,FN,0.0772,2.2104,envelope,autoencoder
188,21,B,0.014,,3,normal,FN,1.7075,2.2104,envelope,autoencoder
188,22,B,0.014,,3,normal,FN,1.7336,2.2104,envelope,autoencoder
188,23,B,0.014,,3,normal,FN,0.3354,2.2104,envelope,autoencoder
188,24,B,0.014,,3,normal,FN,0.0260,2.2104,envelope,autoencoder
188,25,B,0.014,,3,normal,FN,0.0482,2.2104,envelope,autoencoder
188,26,B,0.014,,3,normal,FN,0.3040,2.2104,envelope,autoencoder
188,27,B,0.014,,3,normal,FN,1.1796,2.2104,envelope,autoencoder
188,28,B,0.014,,3,normal,FN,0.0115,2.2104,envelope,autoencoder
188,29,B,0.014,,3,normal,FN,1.0558,2.2104,envelope,autoencoder
188,30,B,0.014,,3,normal,FN,0.1657,2.2104,envelope,autoencoder
188,31,B,0.014,,3,normal,FN,0.1588,2.2104,envelope,autoencoder
188,32,B,0.014,,3,normal,FN,0.0045,2.2104,envelope,autoencoder
188,33,B,0.014,,3,normal,FN,0.6314,2.2104,envelope,autoencoder
188,34,B,0.014,,3,normal,FN,0.0915,2.2104,envelope,autoencoder
188,35,B,0.014,,3,normal,FN,0.5691,2.2104,envelope,autoencoder
188,36,B,0.014,,3,normal,FN,0.3931,2.2104,envelope,autoencoder
188,37,B,0.014,,3,normal,FN,0.0340,2.2104,envelope,autoencoder
188,38,B,0.014,,3,normal,FN,0.0201,2.2104,envelope,autoencoder
188,39,B,0.014,,3,normal,FN,0.0665,2.2104,envelope,autoencoder
188,40,B,0.014,,3,normal,FN,0.2173,2.2104,envelope,autoencoder
188,41,B,0.014,,3,normal,FN,0.4923,2.2104,envelope,autoencoder
188,42,B,0.014,,3,normal,FN,0.1989,2.2104,envelope,autoencoder
188,43,B,0.014,,3,normal,FN,1.3384,2.2104,envelope,autoencoder
188,44,B,0.014,,3,normal,FN,0.2441,2.2104,envelope,autoencoder
188,45,B,0.014,,3,normal,FN,1.0792,2.2104,envelope,autoencoder
188,46,B,0.014,,3,normal,FN,0.1478,2.2104,envelope,autoencoder
188,47,B,0.014,,3,normal,FN,0.3502,2.2104,envelope,autoencoder
188,48,B,0.014,,3,normal,FN,0.3169,2.2104,envelope,autoencoder
188,49,B,0.014,,3,normal,FN,0.4238,2.2104,envelope,autoencoder
188,50,B,0.014,,3,normal,FN,0.9927,2.2104,envelope,autoencoder
188,51,B,0.014,,3,normal,FN,0.0656,2.2104,envelope,autoencoder
188,52,B,0.014,,3,normal,FN,0.2706,2.2104,envelope,autoencoder
188,53,B,0.014,,3,normal,FN,0.4062,2.2104,envelope,autoencoder
188,54,B,0.014,,3,normal,FN,0.0515,2.2104,envelope,autoencoder
188,55,B,0.014,,3,normal,FN,0.2226,2.2104,envelope,autoencoder
188,56,B,0.014,,3,normal,FN,0.1815,2.2104,envelope,autoencoder
188,57,B,0.014,,3,normal,FN,0.3596,2.2104,envelope,autoencoder
200,0,OR,0.014,6,3,normal,FN,0.4211,2.2104,envelope,autoencoder
200,1,OR,0.014,6,3,normal,FN,0.5153,2.2104,envelope,autoencoder
200,2,OR,0.014,6,3,normal,FN,0.3672,2.2104,envelope,autoencoder
200,3,OR,0.014,6,3,normal,FN,0.4734,2.2104,envelope,autoencoder
200,4,OR,0.014,6,3,normal,FN,0.6253,2.2104,envelope,autoencoder
200,5,OR,0.014,6,3,normal,FN,0.1886,2.2104,envelope,autoencoder
200,6,OR,0.014,6,3,normal,FN,0.6672,2.2104,envelope,autoencoder
200,7,OR,0.014,6,3,normal,FN,0.3334,2.2104,envelope,autoencoder
200,8,OR,0.014,6,3,normal,FN,0.7023,2.2104,envelope,autoencoder
200,9,OR,0.014,6,3,normal,FN,0.0329,2.2104,envelope,autoencoder
200,10,OR,0.014,6,3,normal,FN,0.3013,2.2104,envelope,autoencoder
200,11,OR,0.014,6,3,normal,FN,1.5367,2.2104,envelope,autoencoder
200,12,OR,0.014,6,3,normal,FN,0.3185,2.2104,envelope,autoencoder
200,13,OR,0.014,6,3,normal,FN,0.0593,2.2104,envelope,autoencoder
200,14,OR,0.014,6,3,normal,FN,0.0715,2.2104,envelope,autoencoder
200,15,OR,0.014,6,3,normal,FN,2.0055,2.2104,envelope,autoencoder
200,16,OR,0.014,6,3,normal,FN,0.8460,2.2104,envelope,autoencoder
200,17,OR,0.014,6,3,normal,FN,0.2792,2.2104,envelope,autoencoder
200,18,OR,0.014,6,3,normal,FN,0.4093,2.2104,envelope,autoencoder
200,19,OR,0.014,6,3,normal,FN,0.2691,2.2104,envelope,autoencoder
200,20,OR,0.014,6,3,normal,FN,0.1735,2.2104,envelope,autoencoder
200,21,OR,0.014,6,3,normal,FN,0.4603,2.2104,envelope,autoencoder
200,22,OR,0.014,6,3,normal,FN,0.1366,2.2104,envelope,autoencoder
200,24,OR,0.014,6,3,normal,FN,0.7118,2.2104,envelope,autoencoder
200,25,OR,0.014,6,3,normal,FN,1.9874,2.2104,envelope,autoencoder
200,26,OR,0.014,6,3,normal,FN,0.6275,2.2104,envelope,autoencoder
200,27,OR,0.014,6,3,normal,FN,0.2273,2.2104,envelope,autoencoder
200,28,OR,0.014,6,3,normal,FN,0.5046,2.2104,envelope,autoencoder
200,29,OR,0.014,6,3,normal,FN,0.2846,2.2104,envelope,autoencoder
200,31,OR,0.014,6,3,normal,FN,0.4325,2.2104,envelope,autoencoder
200,32,OR,0.014,6,3,normal,FN,0.2093,2.2104,envelope,autoencoder
200,33,OR,0.014,6,3,normal,FN,0.2507,2.2104,envelope,autoencoder
200,34,OR,0.014,6,3,normal,FN,0.3907,2.2104,envelope,autoencoder
200,35,OR,0.014,6,3,normal,FN,1.2533,2.2104,envelope,autoencoder
200,36,OR,0.014,6,3,normal,FN,0.2701,2.2104,envelope,autoencoder
200,37,OR,0.014,6,3,normal,FN,0.7889,2.2104,envelope,autoencoder
200,38,OR,0.014,6,3,normal,FN,0.1536,2.2104,envelope,autoencoder
200,39,OR,0.014,6,3,normal,FN,1.1076,2.2104,envelope,autoencoder
200,40,OR,0.014,6,3,normal,FN,0.4097,2.2104,envelope,autoencoder
200,41,OR,0.014,6,3,normal,FN,0.0921,2.2104,envelope,autoencoder
200,42,OR,0.014,6,3,normal,FN,0.7312,2.2104,envelope,autoencoder
200,43,OR,0.014,6,3,normal,FN,1.6216,2.2104,envelope,autoencoder
200,44,OR,0.014,6,3,normal,FN,0.5565,2.2104,envelope,autoencoder
200,45,OR,0.014,6,3,normal,FN,0.3075,2.2104,envelope,autoencoder
200,46,OR,0.014,6,3,normal,FN,0.1480,2.2104,envelope,autoencoder
200,47,OR,0.014,6,3,normal,FN,0.6186,2.2104,envelope,autoencoder
200,48,OR,0.014,6,3,normal,FN,0.1284,2.2104,envelope,autoencoder
200,49,OR,0.014,6,3,normal,FN,0.4032,2.2104,envelope,autoencoder
200,50,OR,0.014,6,3,normal,FN,0.0873,2.2104,envelope,autoencoder
200,51,OR,0.014,6,3,normal,FN,0.1685,2.2104,envelope,autoencoder
200,52,OR,0.014,6,3,normal,FN,0.1755,2.2104,envelope,autoencoder
200,53,OR,0.014,6,3,normal,FN,1.9597,2.2104,envelope,autoencoder
200,54,OR,0.014,6,3,normal,FN,0.6011,2.2104,envelope,autoencoder
200,55,OR,0.014,6,3,normal,FN,0.1905,2.2104,envelope,autoencoder
200,56,OR,0.014,6,3,normal,FN,0.5075,2.2104,envelope,autoencoder
200,57,OR,0.014,6,3,normal,FN,0.2169,2.2104,envelope,autoencoder
225,8,B,0.021,,3,normal,FN,2.1993,2.2104,envelope,autoencoder
225,9,B,0.021,,3,normal,FN,0.9629,2.2104,envelope,autoencoder
225,13,B,0.021,,3,normal,FN,0.9500,2.2104,envelope,autoencoder
225,24,B,0.021,,3,normal,FN,2.0993,2.2104,envelope,autoencoder
225,26,B,0.021,,3,normal,FN,0.9861,2.2104,envelope,autoencoder
225,28,B,0.021,,3,normal,FN,1.6135,2.2104,envelope,autoencoder
225,34,B,0.021,,3,normal,FN,0.6115,2.2104,envelope,autoencoder
225,39,B,0.021,,3,normal,FN,2.0016,2.2104,envelope,autoencoder
225,46,B,0.021,,3,normal,FN,0.9958,2.2104,envelope,autoencoder
225,47,B,0.021,,3,normal,FN,0.4991,2.2104,envelope,autoencoder
225,56,B,0.021,,3,normal,FN,2.0445,2.2104,envelope,autoencoder
237,4,OR,0.021,6,3,normal,FN,1.9851,2.2104,envelope,autoencoder
237,7,OR,0.021,6,3,normal,FN,0.6872,2.2104,envelope,autoencoder
237,8,OR,0.021,6,3,normal,FN,0.6029,2.2104,envelope,autoencoder
237,9,OR,0.021,6,3,normal,FN,1.5298,2.2104,envelope,autoencoder
237,11,OR,0.021,6,3,normal,FN,1.7222,2.2104,envelope,autoencoder
237,16,OR,0.021,6,3,normal,FN,0.9641,2.2104,envelope,autoencoder
237,17,OR,0.021,6,3,normal,FN,0.8546,2.2104,envelope,autoencoder
237,19,OR,0.021,6,3,normal,FN,1.6660,2.2104,envelope,autoencoder
237,25,OR,0.021,6,3,normal,FN,0.6707,2.2104,envelope,autoencoder
237,26,OR,0.021,6,3,normal,FN,1.6356,2.2104,envelope,autoencoder
237,30,OR,0.021,6,3,normal,FN,1.5860,2.2104,envelope,autoencoder
237,32,OR,0.021,6,3,normal,FN,1.4620,2.2104,envelope,autoencoder
237,33,OR,0.021,6,3,normal,FN,1.5033,2.2104,envelope,autoencoder
237,34,OR,0.021,6,3,normal,FN,1.2625,2.2104,envelope,autoencoder
237,35,OR,0.021,6,3,normal,FN,0.1811,2.2104,envelope,autoencoder
237,36,OR,0.021,6,3,normal,FN,1.0257,2.2104,envelope,autoencoder
237,38,OR,0.021,6,3,normal,FN,0.4900,2.2104,envelope,autoencoder
237,39,OR,0.021,6,3,normal,FN,0.8759,2.2104,envelope,autoencoder
237,41,OR,0.021,6,3,normal,FN,1.1758,2.2104,envelope,autoencoder
237,43,OR,0.021,6,3,normal,FN,0.6656,2.2104,envelope,autoencoder
237,44,OR,0.021,6,3,normal,FN,1.0720,2.2104,envelope,autoencoder
237,46,OR,0.021,6,3,normal,FN,1.9653,2.2104,envelope,autoencoder
237,47,OR,0.021,6,3,normal,FN,1.9195,2.2104,envelope,autoencoder
237,49,OR,0.021,6,3,normal,FN,1.4642,2.2104,envelope,autoencoder
237,52,OR,0.021,6,3,normal,FN,1.2605,2.2104,envelope,autoencoder
237,53,OR,0.021,6,3,normal,FN,2.0746,2.2104,envelope,autoencoder
237,54,OR,0.021,6,3,normal,FN,0.5695,2.2104,envelope,autoencoder
237,57,OR,0.021,6,3,normal,FN,0.7473,2.2104,envelope,autoencoder
100,3,normal,,,3,anomalia,FP,5.2074,5.1212,tempo+envelope,mahalanobis
100,23,normal,,,3,anomalia,FP,5.4997,5.1212,tempo+envelope,mahalanobis
100,24,normal,,,3,anomalia,FP,6.2237,5.1212,tempo+envelope,mahalanobis
100,37,normal,,,3,anomalia,FP,5.1891,5.1212,tempo+envelope,mahalanobis
100,39,normal,,,3,anomalia,FP,5.1542,5.1212,tempo+envelope,mahalanobis
100,44,normal,,,3,anomalia,FP,5.9956,5.1212,tempo+envelope,mahalanobis
100,45,normal,,,3,anomalia,FP,6.0293,5.1212,tempo+envelope,mahalanobis
100,3,normal,,,3,anomalia,FP,0.5895,0.5855,tempo+envelope,isolation_forest
100,24,normal,,,3,anomalia,FP,0.5860,0.5855,tempo+envelope,isolation_forest
100,44,normal,,,3,anomalia,FP,0.6094,0.5855,tempo+envelope,isolation_forest
100,45,normal,,,3,anomalia,FP,0.6427,0.5855,tempo+envelope,isolation_forest
121,1,B,0.007,,3,normal,FN,0.5810,0.5855,tempo+envelope,isolation_forest
121,3,B,0.007,,3,normal,FN,0.5701,0.5855,tempo+envelope,isolation_forest
121,5,B,0.007,,3,normal,FN,0.5310,0.5855,tempo+envelope,isolation_forest
121,6,B,0.007,,3,normal,FN,0.5592,0.5855,tempo+envelope,isolation_forest
121,7,B,0.007,,3,normal,FN,0.5476,0.5855,tempo+envelope,isolation_forest
121,11,B,0.007,,3,normal,FN,0.5674,0.5855,tempo+envelope,isolation_forest
121,13,B,0.007,,3,normal,FN,0.5547,0.5855,tempo+envelope,isolation_forest
121,14,B,0.007,,3,normal,FN,0.5346,0.5855,tempo+envelope,isolation_forest
121,15,B,0.007,,3,normal,FN,0.5639,0.5855,tempo+envelope,isolation_forest
121,19,B,0.007,,3,normal,FN,0.5491,0.5855,tempo+envelope,isolation_forest
121,21,B,0.007,,3,normal,FN,0.5740,0.5855,tempo+envelope,isolation_forest
121,26,B,0.007,,3,normal,FN,0.5774,0.5855,tempo+envelope,isolation_forest
121,28,B,0.007,,3,normal,FN,0.5570,0.5855,tempo+envelope,isolation_forest
121,33,B,0.007,,3,normal,FN,0.5652,0.5855,tempo+envelope,isolation_forest
121,34,B,0.007,,3,normal,FN,0.5820,0.5855,tempo+envelope,isolation_forest
121,37,B,0.007,,3,normal,FN,0.5712,0.5855,tempo+envelope,isolation_forest
121,39,B,0.007,,3,normal,FN,0.5661,0.5855,tempo+envelope,isolation_forest
121,40,B,0.007,,3,normal,FN,0.5608,0.5855,tempo+envelope,isolation_forest
121,42,B,0.007,,3,normal,FN,0.5658,0.5855,tempo+envelope,isolation_forest
121,47,B,0.007,,3,normal,FN,0.5583,0.5855,tempo+envelope,isolation_forest
121,48,B,0.007,,3,normal,FN,0.5654,0.5855,tempo+envelope,isolation_forest
121,51,B,0.007,,3,normal,FN,0.5575,0.5855,tempo+envelope,isolation_forest
121,52,B,0.007,,3,normal,FN,0.5797,0.5855,tempo+envelope,isolation_forest
121,53,B,0.007,,3,normal,FN,0.5579,0.5855,tempo+envelope,isolation_forest
121,54,B,0.007,,3,normal,FN,0.5839,0.5855,tempo+envelope,isolation_forest
121,56,B,0.007,,3,normal,FN,0.5591,0.5855,tempo+envelope,isolation_forest
200,3,OR,0.014,6,3,normal,FN,0.5630,0.5855,tempo+envelope,isolation_forest
200,6,OR,0.014,6,3,normal,FN,0.5658,0.5855,tempo+envelope,isolation_forest
200,9,OR,0.014,6,3,normal,FN,0.5614,0.5855,tempo+envelope,isolation_forest
200,10,OR,0.014,6,3,normal,FN,0.5552,0.5855,tempo+envelope,isolation_forest
200,11,OR,0.014,6,3,normal,FN,0.5743,0.5855,tempo+envelope,isolation_forest
200,12,OR,0.014,6,3,normal,FN,0.5782,0.5855,tempo+envelope,isolation_forest
200,17,OR,0.014,6,3,normal,FN,0.5830,0.5855,tempo+envelope,isolation_forest
200,18,OR,0.014,6,3,normal,FN,0.5783,0.5855,tempo+envelope,isolation_forest
200,21,OR,0.014,6,3,normal,FN,0.5787,0.5855,tempo+envelope,isolation_forest
200,22,OR,0.014,6,3,normal,FN,0.5295,0.5855,tempo+envelope,isolation_forest
200,27,OR,0.014,6,3,normal,FN,0.5770,0.5855,tempo+envelope,isolation_forest
200,28,OR,0.014,6,3,normal,FN,0.5849,0.5855,tempo+envelope,isolation_forest
200,29,OR,0.014,6,3,normal,FN,0.5478,0.5855,tempo+envelope,isolation_forest
200,30,OR,0.014,6,3,normal,FN,0.5784,0.5855,tempo+envelope,isolation_forest
200,32,OR,0.014,6,3,normal,FN,0.5183,0.5855,tempo+envelope,isolation_forest
200,33,OR,0.014,6,3,normal,FN,0.5543,0.5855,tempo+envelope,isolation_forest
200,40,OR,0.014,6,3,normal,FN,0.5808,0.5855,tempo+envelope,isolation_forest
200,41,OR,0.014,6,3,normal,FN,0.5165,0.5855,tempo+envelope,isolation_forest
200,42,OR,0.014,6,3,normal,FN,0.5747,0.5855,tempo+envelope,isolation_forest
200,48,OR,0.014,6,3,normal,FN,0.5750,0.5855,tempo+envelope,isolation_forest
200,49,OR,0.014,6,3,normal,FN,0.5524,0.5855,tempo+envelope,isolation_forest
200,50,OR,0.014,6,3,normal,FN,0.5407,0.5855,tempo+envelope,isolation_forest
200,51,OR,0.014,6,3,normal,FN,0.5715,0.5855,tempo+envelope,isolation_forest
200,56,OR,0.014,6,3,normal,FN,0.5502,0.5855,tempo+envelope,isolation_forest
225,33,B,0.021,,3,normal,FN,0.5803,0.5855,tempo+envelope,isolation_forest
100,0,normal,,,3,anomalia,FP,-0.5316,-0.6659,tempo+envelope,ocsvm
100,1,normal,,,3,anomalia,FP,-0.3780,-0.6659,tempo+envelope,ocsvm
100,2,normal,,,3,anomalia,FP,-0.5786,-0.6659,tempo+envelope,ocsvm
100,3,normal,,,3,anomalia,FP,-0.1760,-0.6659,tempo+envelope,ocsvm
100,4,normal,,,3,anomalia,FP,-0.4661,-0.6659,tempo+envelope,ocsvm
100,7,normal,,,3,anomalia,FP,-0.4080,-0.6659,tempo+envelope,ocsvm
100,8,normal,,,3,anomalia,FP,-0.5837,-0.6659,tempo+envelope,ocsvm
100,9,normal,,,3,anomalia,FP,-0.5196,-0.6659,tempo+envelope,ocsvm
100,11,normal,,,3,anomalia,FP,-0.5928,-0.6659,tempo+envelope,ocsvm
100,12,normal,,,3,anomalia,FP,-0.4699,-0.6659,tempo+envelope,ocsvm
100,13,normal,,,3,anomalia,FP,-0.5685,-0.6659,tempo+envelope,ocsvm
100,15,normal,,,3,anomalia,FP,-0.5227,-0.6659,tempo+envelope,ocsvm
100,16,normal,,,3,anomalia,FP,-0.4022,-0.6659,tempo+envelope,ocsvm
100,18,normal,,,3,anomalia,FP,-0.5687,-0.6659,tempo+envelope,ocsvm
100,19,normal,,,3,anomalia,FP,-0.4361,-0.6659,tempo+envelope,ocsvm
100,21,normal,,,3,anomalia,FP,-0.6306,-0.6659,tempo+envelope,ocsvm
100,22,normal,,,3,anomalia,FP,-0.5832,-0.6659,tempo+envelope,ocsvm
100,23,normal,,,3,anomalia,FP,-0.4019,-0.6659,tempo+envelope,ocsvm
100,24,normal,,,3,anomalia,FP,-0.2741,-0.6659,tempo+envelope,ocsvm
100,26,normal,,,3,anomalia,FP,-0.5133,-0.6659,tempo+envelope,ocsvm
100,27,normal,,,3,anomalia,FP,-0.5965,-0.6659,tempo+envelope,ocsvm
100,28,normal,,,3,anomalia,FP,-0.3875,-0.6659,tempo+envelope,ocsvm
100,29,normal,,,3,anomalia,FP,-0.4990,-0.6659,tempo+envelope,ocsvm
100,30,normal,,,3,anomalia,FP,-0.5070,-0.6659,tempo+envelope,ocsvm
100,31,normal,,,3,anomalia,FP,-0.2852,-0.6659,tempo+envelope,ocsvm
100,32,normal,,,3,anomalia,FP,-0.4905,-0.6659,tempo+envelope,ocsvm
100,33,normal,,,3,anomalia,FP,-0.5294,-0.6659,tempo+envelope,ocsvm
100,34,normal,,,3,anomalia,FP,-0.5570,-0.6659,tempo+envelope,ocsvm
100,37,normal,,,3,anomalia,FP,-0.2422,-0.6659,tempo+envelope,ocsvm
100,38,normal,,,3,anomalia,FP,-0.6283,-0.6659,tempo+envelope,ocsvm
100,39,normal,,,3,anomalia,FP,-0.4602,-0.6659,tempo+envelope,ocsvm
100,40,normal,,,3,anomalia,FP,-0.6131,-0.6659,tempo+envelope,ocsvm
100,41,normal,,,3,anomalia,FP,-0.6221,-0.6659,tempo+envelope,ocsvm
100,42,normal,,,3,anomalia,FP,-0.5959,-0.6659,tempo+envelope,ocsvm
100,43,normal,,,3,anomalia,FP,-0.5670,-0.6659,tempo+envelope,ocsvm
100,44,normal,,,3,anomalia,FP,-0.2950,-0.6659,tempo+envelope,ocsvm
100,45,normal,,,3,anomalia,FP,-0.1706,-0.6659,tempo+envelope,ocsvm
100,46,normal,,,3,anomalia,FP,-0.6284,-0.6659,tempo+envelope,ocsvm
100,47,normal,,,3,anomalia,FP,-0.3959,-0.6659,tempo+envelope,ocsvm
100,49,normal,,,3,anomalia,FP,-0.4700,-0.6659,tempo+envelope,ocsvm
100,50,normal,,,3,anomalia,FP,-0.4358,-0.6659,tempo+envelope,ocsvm
100,51,normal,,,3,anomalia,FP,-0.3471,-0.6659,tempo+envelope,ocsvm
100,52,normal,,,3,anomalia,FP,-0.6355,-0.6659,tempo+envelope,ocsvm
100,53,normal,,,3,anomalia,FP,-0.4668,-0.6659,tempo+envelope,ocsvm
100,55,normal,,,3,anomalia,FP,-0.6507,-0.6659,tempo+envelope,ocsvm
100,56,normal,,,3,anomalia,FP,-0.6604,-0.6659,tempo+envelope,ocsvm
100,57,normal,,,3,anomalia,FP,-0.3675,-0.6659,tempo+envelope,ocsvm
100,3,normal,,,3,anomalia,FP,2.4443,1.7410,tempo+envelope,autoencoder
100,23,normal,,,3,anomalia,FP,1.7962,1.7410,tempo+envelope,autoencoder
100,24,normal,,,3,anomalia,FP,2.9464,1.7410,tempo+envelope,autoencoder
100,31,normal,,,3,anomalia,FP,2.1656,1.7410,tempo+envelope,autoencoder
100,37,normal,,,3,anomalia,FP,2.7097,1.7410,tempo+envelope,autoencoder
100,39,normal,,,3,anomalia,FP,2.2532,1.7410,tempo+envelope,autoencoder
100,44,normal,,,3,anomalia,FP,1.9267,1.7410,tempo+envelope,autoencoder
100,45,normal,,,3,anomalia,FP,2.9761,1.7410,tempo+envelope,autoencoder
100,51,normal,,,3,anomalia,FP,2.0744,1.7410,tempo+envelope,autoencoder
100,57,normal,,,3,anomalia,FP,1.7930,1.7410,tempo+envelope,autoencoder
100,3,normal,,,3,anomalia,FP,5.0741,4.1446,forma,mahalanobis
100,15,normal,,,3,anomalia,FP,4.2370,4.1446,forma,mahalanobis
100,16,normal,,,3,anomalia,FP,4.3441,4.1446,forma,mahalanobis
100,23,normal,,,3,anomalia,FP,4.7765,4.1446,forma,mahalanobis
100,24,normal,,,3,anomalia,FP,5.4405,4.1446,forma,mahalanobis
100,31,normal,,,3,anomalia,FP,4.6522,4.1446,forma,mahalanobis
100,32,normal,,,3,anomalia,FP,4.8975,4.1446,forma,mahalanobis
100,37,normal,,,3,anomalia,FP,5.0593,4.1446,forma,mahalanobis
100,39,normal,,,3,anomalia,FP,4.9670,4.1446,forma,mahalanobis
100,40,normal,,,3,anomalia,FP,4.4915,4.1446,forma,mahalanobis
100,44,normal,,,3,anomalia,FP,5.1153,4.1446,forma,mahalanobis
100,45,normal,,,3,anomalia,FP,5.5065,4.1446,forma,mahalanobis
100,51,normal,,,3,anomalia,FP,4.3873,4.1446,forma,mahalanobis
100,57,normal,,,3,anomalia,FP,4.5964,4.1446,forma,mahalanobis
121,0,B,0.007,,3,normal,FN,3.0268,4.1446,forma,mahalanobis
121,1,B,0.007,,3,normal,FN,2.7493,4.1446,forma,mahalanobis
121,2,B,0.007,,3,normal,FN,3.2646,4.1446,forma,mahalanobis
121,3,B,0.007,,3,normal,FN,2.7405,4.1446,forma,mahalanobis
121,4,B,0.007,,3,normal,FN,3.3709,4.1446,forma,mahalanobis
121,5,B,0.007,,3,normal,FN,1.3330,4.1446,forma,mahalanobis
121,6,B,0.007,,3,normal,FN,2.2088,4.1446,forma,mahalanobis
121,7,B,0.007,,3,normal,FN,2.1693,4.1446,forma,mahalanobis
121,8,B,0.007,,3,normal,FN,3.3566,4.1446,forma,mahalanobis
121,9,B,0.007,,3,normal,FN,3.1300,4.1446,forma,mahalanobis
121,10,B,0.007,,3,normal,FN,3.6524,4.1446,forma,mahalanobis
121,11,B,0.007,,3,normal,FN,2.7916,4.1446,forma,mahalanobis
121,12,B,0.007,,3,normal,FN,3.8029,4.1446,forma,mahalanobis
121,13,B,0.007,,3,normal,FN,2.2856,4.1446,forma,mahalanobis
121,14,B,0.007,,3,normal,FN,1.9536,4.1446,forma,mahalanobis
121,15,B,0.007,,3,normal,FN,2.3542,4.1446,forma,mahalanobis
121,16,B,0.007,,3,normal,FN,3.0190,4.1446,forma,mahalanobis
121,17,B,0.007,,3,normal,FN,3.9604,4.1446,forma,mahalanobis
121,19,B,0.007,,3,normal,FN,2.4824,4.1446,forma,mahalanobis
121,20,B,0.007,,3,normal,FN,4.1350,4.1446,forma,mahalanobis
121,21,B,0.007,,3,normal,FN,2.9253,4.1446,forma,mahalanobis
121,22,B,0.007,,3,normal,FN,3.0143,4.1446,forma,mahalanobis
121,23,B,0.007,,3,normal,FN,2.6831,4.1446,forma,mahalanobis
121,24,B,0.007,,3,normal,FN,3.9134,4.1446,forma,mahalanobis
121,25,B,0.007,,3,normal,FN,3.5610,4.1446,forma,mahalanobis
121,26,B,0.007,,3,normal,FN,2.9022,4.1446,forma,mahalanobis
121,27,B,0.007,,3,normal,FN,3.3694,4.1446,forma,mahalanobis
121,28,B,0.007,,3,normal,FN,2.4953,4.1446,forma,mahalanobis
121,29,B,0.007,,3,normal,FN,3.1698,4.1446,forma,mahalanobis
121,31,B,0.007,,3,normal,FN,2.8530,4.1446,forma,mahalanobis
121,32,B,0.007,,3,normal,FN,2.9970,4.1446,forma,mahalanobis
121,33,B,0.007,,3,normal,FN,2.4614,4.1446,forma,mahalanobis
121,34,B,0.007,,3,normal,FN,3.0742,4.1446,forma,mahalanobis
121,37,B,0.007,,3,normal,FN,2.7404,4.1446,forma,mahalanobis
121,38,B,0.007,,3,normal,FN,3.5039,4.1446,forma,mahalanobis
121,39,B,0.007,,3,normal,FN,2.5210,4.1446,forma,mahalanobis
121,40,B,0.007,,3,normal,FN,2.4634,4.1446,forma,mahalanobis
121,42,B,0.007,,3,normal,FN,2.9104,4.1446,forma,mahalanobis
121,43,B,0.007,,3,normal,FN,3.3975,4.1446,forma,mahalanobis
121,44,B,0.007,,3,normal,FN,2.9222,4.1446,forma,mahalanobis
121,45,B,0.007,,3,normal,FN,3.4073,4.1446,forma,mahalanobis
121,46,B,0.007,,3,normal,FN,3.3181,4.1446,forma,mahalanobis
121,47,B,0.007,,3,normal,FN,2.3576,4.1446,forma,mahalanobis
121,48,B,0.007,,3,normal,FN,2.8016,4.1446,forma,mahalanobis
121,49,B,0.007,,3,normal,FN,3.9410,4.1446,forma,mahalanobis
121,50,B,0.007,,3,normal,FN,3.5481,4.1446,forma,mahalanobis
121,51,B,0.007,,3,normal,FN,2.3988,4.1446,forma,mahalanobis
121,52,B,0.007,,3,normal,FN,3.1600,4.1446,forma,mahalanobis
121,53,B,0.007,,3,normal,FN,2.1439,4.1446,forma,mahalanobis
121,54,B,0.007,,3,normal,FN,2.9932,4.1446,forma,mahalanobis
121,56,B,0.007,,3,normal,FN,1.9530,4.1446,forma,mahalanobis
121,57,B,0.007,,3,normal,FN,3.7420,4.1446,forma,mahalanobis
200,0,OR,0.014,6,3,normal,FN,3.3784,4.1446,forma,mahalanobis
200,1,OR,0.014,6,3,normal,FN,3.7441,4.1446,forma,mahalanobis
200,3,OR,0.014,6,3,normal,FN,3.6446,4.1446,forma,mahalanobis
200,6,OR,0.014,6,3,normal,FN,2.5090,4.1446,forma,mahalanobis
200,9,OR,0.014,6,3,normal,FN,2.2310,4.1446,forma,mahalanobis
200,10,OR,0.014,6,3,normal,FN,2.2305,4.1446,forma,mahalanobis
200,11,OR,0.014,6,3,normal,FN,2.5655,4.1446,forma,mahalanobis
200,12,OR,0.014,6,3,normal,FN,2.7869,4.1446,forma,mahalanobis
200,17,OR,0.014,6,3,normal,FN,3.1544,4.1446,forma,mahalanobis
200,19,OR,0.014,6,3,normal,FN,4.0355,4.1446,forma,mahalanobis
200,20,OR,0.014,6,3,normal,FN,3.6752,4.1446,forma,mahalanobis
200,21,OR,0.014,6,3,normal,FN,4.0107,4.1446,forma,mahalanobis
200,22,OR,0.014,6,3,normal,FN,2.2812,4.1446,forma,mahalanobis
200,27,OR,0.014,6,3,normal,FN,3.1217,4.1446,forma,mahalanobis
200,28,OR,0.014,6,3,normal,FN,3.6267,4.1446,forma,mahalanobis
200,29,OR,0.014,6,3,normal,FN,1.8658,4.1446,forma,mahalanobis
200,30,OR,0.014,6,3,normal,FN,3.8526,4.1446,forma,mahalanobis
200,31,OR,0.014,6,3,normal,FN,3.7625,4.1446,forma,mahalanobis
200,32,OR,0.014,6,3,normal,FN,1.5184,4.1446,forma,mahalanobis
200,33,OR,0.014,6,3,normal,FN,2.4960,4.1446,forma,mahalanobis
200,37,OR,0.014,6,3,normal,FN,3.6053,4.1446,forma,mahalanobis
200,40,OR,0.014,6,3,normal,FN,2.5329,4.1446,forma,mahalanobis
200,41,OR,0.014,6,3,normal,FN,1.1610,4.1446,forma,mahalanobis
200,42,OR,0.014,6,3,normal,FN,3.4805,4.1446,forma,mahalanobis
200,46,OR,0.014,6,3,normal,FN,3.0149,4.1446,forma,mahalanobis
200,47,OR,0.014,6,3,normal,FN,3.5518,4.1446,forma,mahalanobis
200,48,OR,0.014,6,3,normal,FN,2.7710,4.1446,forma,mahalanobis
200,49,OR,0.014,6,3,normal,FN,2.5403,4.1446,forma,mahalanobis
200,50,OR,0.014,6,3,normal,FN,2.2354,4.1446,forma,mahalanobis
200,51,OR,0.014,6,3,normal,FN,2.9175,4.1446,forma,mahalanobis
200,55,OR,0.014,6,3,normal,FN,3.4986,4.1446,forma,mahalanobis
200,56,OR,0.014,6,3,normal,FN,2.6879,4.1446,forma,mahalanobis
200,57,OR,0.014,6,3,normal,FN,3.6830,4.1446,forma,mahalanobis
225,18,B,0.021,,3,normal,FN,3.8421,4.1446,forma,mahalanobis
225,24,B,0.021,,3,normal,FN,4.1153,4.1446,forma,mahalanobis
225,33,B,0.021,,3,normal,FN,4.0258,4.1446,forma,mahalanobis
225,34,B,0.021,,3,normal,FN,3.5470,4.1446,forma,mahalanobis
225,47,B,0.021,,3,normal,FN,3.6251,4.1446,forma,mahalanobis
100,3,normal,,,3,anomalia,FP,0.6071,0.5749,forma,isolation_forest
100,24,normal,,,3,anomalia,FP,0.5917,0.5749,forma,isolation_forest
100,31,normal,,,3,anomalia,FP,0.5895,0.5749,forma,isolation_forest
100,37,normal,,,3,anomalia,FP,0.5834,0.5749,forma,isolation_forest
100,39,normal,,,3,anomalia,FP,0.5956,0.5749,forma,isolation_forest
100,44,normal,,,3,anomalia,FP,0.5986,0.5749,forma,isolation_forest
100,45,normal,,,3,anomalia,FP,0.6473,0.5749,forma,isolation_forest
100,51,normal,,,3,anomalia,FP,0.5752,0.5749,forma,isolation_forest
100,57,normal,,,3,anomalia,FP,0.5886,0.5749,forma,isolation_forest
108,27,IR,0.007,,3,normal,FN,0.5712,0.5749,forma,isolation_forest
121,0,B,0.007,,3,normal,FN,0.5211,0.5749,forma,isolation_forest
121,1,B,0.007,,3,normal,FN,0.5051,0.5749,forma,isolation_forest
121,2,B,0.007,,3,normal,FN,0.5462,0.5749,forma,isolation_forest
121,3,B,0.007,,3,normal,FN,0.4775,0.5749,forma,isolation_forest
121,4,B,0.007,,3,normal,FN,0.5465,0.5749,forma,isolation_forest
121,5,B,0.007,,3,normal,FN,0.3935,0.5749,forma,isolation_forest
121,6,B,0.007,,3,normal,FN,0.4649,0.5749,forma,isolation_forest
121,7,B,0.007,,3,normal,FN,0.4444,0.5749,forma,isolation_forest
121,8,B,0.007,,3,normal,FN,0.5392,0.5749,forma,isolation_forest
121,9,B,0.007,,3,normal,FN,0.5551,0.5749,forma,isolation_forest
121,10,B,0.007,,3,normal,FN,0.5089,0.5749,forma,isolation_forest
121,11,B,0.007,,3,normal,FN,0.4837,0.5749,forma,isolation_forest
121,12,B,0.007,,3,normal,FN,0.5668,0.5749,forma,isolation_forest
121,13,B,0.007,,3,normal,FN,0.4787,0.5749,forma,isolation_forest
121,14,B,0.007,,3,normal,FN,0.4251,0.5749,forma,isolation_forest
121,15,B,0.007,,3,normal,FN,0.4561,0.5749,forma,isolation_forest
121,16,B,0.007,,3,normal,FN,0.5315,0.5749,forma,isolation_forest
121,17,B,0.007,,3,normal,FN,0.5216,0.5749,forma,isolation_forest
121,18,B,0.007,,3,normal,FN,0.5298,0.5749,forma,isolation_forest
121,19,B,0.007,,3,normal,FN,0.4337,0.5749,forma,isolation_forest
121,20,B,0.007,,3,normal,FN,0.5280,0.5749,forma,isolation_forest
121,21,B,0.007,,3,normal,FN,0.5060,0.5749,forma,isolation_forest
121,22,B,0.007,,3,normal,FN,0.5579,0.5749,forma,isolation_forest
121,23,B,0.007,,3,normal,FN,0.5216,0.5749,forma,isolation_forest
121,24,B,0.007,,3,normal,FN,0.5532,0.5749,forma,isolation_forest
121,25,B,0.007,,3,normal,FN,0.5366,0.5749,forma,isolation_forest
121,26,B,0.007,,3,normal,FN,0.4934,0.5749,forma,isolation_forest
121,27,B,0.007,,3,normal,FN,0.5680,0.5749,forma,isolation_forest
121,28,B,0.007,,3,normal,FN,0.4592,0.5749,forma,isolation_forest
121,29,B,0.007,,3,normal,FN,0.5306,0.5749,forma,isolation_forest
121,31,B,0.007,,3,normal,FN,0.5156,0.5749,forma,isolation_forest
121,32,B,0.007,,3,normal,FN,0.5261,0.5749,forma,isolation_forest
121,33,B,0.007,,3,normal,FN,0.4933,0.5749,forma,isolation_forest
121,34,B,0.007,,3,normal,FN,0.5134,0.5749,forma,isolation_forest
121,37,B,0.007,,3,normal,FN,0.4786,0.5749,forma,isolation_forest
121,38,B,0.007,,3,normal,FN,0.5128,0.5749,forma,isolation_forest
121,39,B,0.007,,3,normal,FN,0.4716,0.5749,forma,isolation_forest
121,40,B,0.007,,3,normal,FN,0.4446,0.5749,forma,isolation_forest
121,41,B,0.007,,3,normal,FN,0.5692,0.5749,forma,isolation_forest
121,42,B,0.007,,3,normal,FN,0.4430,0.5749,forma,isolation_forest
121,43,B,0.007,,3,normal,FN,0.5142,0.5749,forma,isolation_forest
121,44,B,0.007,,3,normal,FN,0.4814,0.5749,forma,isolation_forest
121,45,B,0.007,,3,normal,FN,0.5217,0.5749,forma,isolation_forest
121,46,B,0.007,,3,normal,FN,0.5093,0.5749,forma,isolation_forest
121,47,B,0.007,,3,normal,FN,0.4697,0.5749,forma,isolation_forest
121,48,B,0.007,,3,normal,FN,0.4630,0.5749,forma,isolation_forest
121,49,B,0.007,,3,normal,FN,0.5198,0.5749,forma,isolation_forest
121,50,B,0.007,,3,normal,FN,0.5469,0.5749,forma,isolation_forest
121,51,B,0.007,,3,normal,FN,0.4406,0.5749,forma,isolation_forest
121,52,B,0.007,,3,normal,FN,0.4597,0.5749,forma,isolation_forest
121,53,B,0.007,,3,normal,FN,0.4490,0.5749,forma,isolation_forest
121,54,B,0.007,,3,normal,FN,0.4851,0.5749,forma,isolation_forest
121,55,B,0.007,,3,normal,FN,0.5684,0.5749,forma,isolation_forest
121,56,B,0.007,,3,normal,FN,0.4594,0.5749,forma,isolation_forest
121,57,B,0.007,,3,normal,FN,0.5623,0.5749,forma,isolation_forest
188,20,B,0.014,,3,normal,FN,0.5675,0.5749,forma,isolation_forest
188,28,B,0.014,,3,normal,FN,0.5702,0.5749,forma,isolation_forest
188,57,B,0.014,,3,normal,FN,0.5031,0.5749,forma,isolation_forest
200,0,OR,0.014,6,3,normal,FN,0.5182,0.5749,forma,isolation_forest
200,1,OR,0.014,6,3,normal,FN,0.5627,0.5749,forma,isolation_forest
200,2,OR,0.014,6,3,normal,FN,0.5372,0.5749,forma,isolation_forest
200,3,OR,0.014,6,3,normal,FN,0.4746,0.5749,forma,isolation_forest
200,4,OR,0.014,6,3,normal,FN,0.5542,0.5749,forma,isolation_forest
200,5,OR,0.014,6,3,normal,FN,0.5605,0.5749,forma,isolation_forest
200,6,OR,0.014,6,3,normal,FN,0.4791,0.5749,forma,isolation_forest
200,9,OR,0.014,6,3,normal,FN,0.4608,0.5749,forma,isolation_forest
200,10,OR,0.014,6,3,normal,FN,0.4374,0.5749,forma,isolation_forest
200,11,OR,0.014,6,3,normal,FN,0.4710,0.5749,forma,isolation_forest
200,12,OR,0.014,6,3,normal,FN,0.5022,0.5749,forma,isolation_forest
200,14,OR,0.014,6,3,normal,FN,0.5711,0.5749,forma,isolation_forest
200,17,OR,0.014,6,3,normal,FN,0.4939,0.5749,forma,isolation_forest
200,18,OR,0.014,6,3,normal,FN,0.5247,0.5749,forma,isolation_forest
200,19,OR,0.014,6,3,normal,FN,0.5336,0.5749,forma,isolation_forest
200,20,OR,0.014,6,3,normal,FN,0.5071,0.5749,forma,isolation_forest
200,21,OR,0.014,6,3,normal,FN,0.5044,0.5749,forma,isolation_forest
200,22,OR,0.014,6,3,normal,FN,0.4020,0.5749,forma,isolation_forest
200,23,OR,0.014,6,3,normal,FN,0.5703,0.5749,forma,isolation_forest
200,27,OR,0.014,6,3,normal,FN,0.5088,0.5749,forma,isolation_forest
200,28,OR,0.014,6,3,normal,FN,0.5016,0.5749,forma,isolation_forest
200,29,OR,0.014,6,3,normal,FN,0.4181,0.5749,forma,isolation_forest
200,30,OR,0.014,6,3,normal,FN,0.4983,0.5749,forma,isolation_forest
200,31,OR,0.014,6,3,normal,FN,0.5430,0.5749,forma,isolation_forest
200,32,OR,0.014,6,3,normal,FN,0.3938,0.5749,forma,isolation_forest
200,33,OR,0.014,6,3,normal,FN,0.4462,0.5749,forma,isolation_forest
200,37,OR,0.014,6,3,normal,FN,0.5311,0.5749,forma,isolation_forest
200,40,OR,0.014,6,3,normal,FN,0.4762,0.5749,forma,isolation_forest
200,41,OR,0.014,6,3,normal,FN,0.3664,0.5749,forma,isolation_forest
200,42,OR,0.014,6,3,normal,FN,0.4811,0.5749,forma,isolation_forest
200,46,OR,0.014,6,3,normal,FN,0.5028,0.5749,forma,isolation_forest
200,47,OR,0.014,6,3,normal,FN,0.5565,0.5749,forma,isolation_forest
200,48,OR,0.014,6,3,normal,FN,0.4859,0.5749,forma,isolation_forest
200,49,OR,0.014,6,3,normal,FN,0.4344,0.5749,forma,isolation_forest
200,50,OR,0.014,6,3,normal,FN,0.4124,0.5749,forma,isolation_forest
200,51,OR,0.014,6,3,normal,FN,0.4887,0.5749,forma,isolation_forest
200,55,OR,0.014,6,3,normal,FN,0.5244,0.5749,forma,isolation_forest
200,56,OR,0.014,6,3,normal,FN,0.4553,0.5749,forma,isolation_forest
200,57,OR,0.014,6,3,normal,FN,0.5361,0.5749,forma,isolation_forest
225,1,B,0.021,,3,normal,FN,0.5577,0.5749,forma,isolation_forest
225,5,B,0.021,,3,normal,FN,0.5545,0.5749,forma,isolation_forest
225,7,B,0.021,,3,normal,FN,0.5616,0.5749,forma,isolation_forest
225,9,B,0.021,,3,normal,FN,0.5722,0.5749,forma,isolation_forest
225,13,B,0.021,,3,normal,FN,0.5721,0.5749,forma,isolation_forest
225,17,B,0.021,,3,normal,FN,0.5602,0.5749,forma,isolation_forest
225,18,B,0.021,,3,normal,FN,0.5421,0.5749,forma,isolation_forest
225,19,B,0.021,,3,normal,FN,0.5315,0.5749,forma,isolation_forest
225,20,B,0.021,,3,normal,FN,0.5534,0.5749,forma,isolation_forest
225,22,B,0.021,,3,normal,FN,0.5537,0.5749,forma,isolation_forest
225,23,B,0.021,,3,normal,FN,0.5409,0.5749,forma,isolation_forest
225,24,B,0.021,,3,normal,FN,0.5523,0.5749,forma,isolation_forest
225,27,B,0.021,,3,normal,FN,0.5511,0.5749,forma,isolation_forest
225,33,B,0.021,,3,normal,FN,0.5061,0.5749,forma,isolation_forest
225,34,B,0.021,,3,normal,FN,0.5303,0.5749,forma,isolation_forest
225,35,B,0.021,,3,normal,FN,0.5671,0.5749,forma,isolation_forest
225,39,B,0.021,,3,normal,FN,0.5590,0.5749,forma,isolation_forest
225,41,B,0.021,,3,normal,FN,0.5547,0.5749,forma,isolation_forest
225,42,B,0.021,,3,normal,FN,0.5705,0.5749,forma,isolation_forest
225,43,B,0.021,,3,normal,FN,0.5647,0.5749,forma,isolation_forest
225,46,B,0.021,,3,normal,FN,0.5557,0.5749,forma,isolation_forest
225,47,B,0.021,,3,normal,FN,0.5269,0.5749,forma,isolation_forest
225,49,B,0.021,,3,normal,FN,0.5616,0.5749,forma,isolation_forest
225,50,B,0.021,,3,normal,FN,0.5589,0.5749,forma,isolation_forest
225,51,B,0.021,,3,normal,FN,0.5746,0.5749,forma,isolation_forest
225,57,B,0.021,,3,normal,FN,0.5370,0.5749,forma,isolation_forest
100,0,normal,,,3,anomalia,FP,-0.4526,-0.6324,forma,ocsvm
100,1,normal,,,3,anomalia,FP,-0.3030,-0.6324,forma,ocsvm
100,2,normal,,,3,anomalia,FP,-0.4931,-0.6324,forma,ocsvm
100,3,normal,,,3,anomalia,FP,-0.1161,-0.6324,forma,ocsvm
100,4,normal,,,3,anomalia,FP,-0.4029,-0.6324,forma,ocsvm
100,7,normal,,,3,anomalia,FP,-0.3971,-0.6324,forma,ocsvm
100,8,normal,,,3,anomalia,FP,-0.6143,-0.6324,forma,ocsvm
100,9,normal,,,3,anomalia,FP,-0.4282,-0.6324,forma,ocsvm
100,12,normal,,,3,anomalia,FP,-0.3960,-0.6324,forma,ocsvm
100,13,normal,,,3,anomalia,FP,-0.5276,-0.6324,forma,ocsvm
100,15,normal,,,3,anomalia,FP,-0.4469,-0.6324,forma,ocsvm
100,16,normal,,,3,anomalia,FP,-0.3037,-0.6324,forma,ocsvm
100,19,normal,,,3,anomalia,FP,-0.5477,-0.6324,forma,ocsvm
100,21,normal,,,3,anomalia,FP,-0.5539,-0.6324,forma,ocsvm
100,22,normal,,,3,anomalia,FP,-0.5634,-0.6324,forma,ocsvm
100,23,normal,,,3,anomalia,FP,-0.3750,-0.6324,forma,ocsvm
100,24,normal,,,3,anomalia,FP,-0.2745,-0.6324,forma,ocsvm
100,26,normal,,,3,anomalia,FP,-0.4707,-0.6324,forma,ocsvm
100,27,normal,,,3,anomalia,FP,-0.4976,-0.6324,forma,ocsvm
100,28,normal,,,3,anomalia,FP,-0.2995,-0.6324,forma,ocsvm
100,29,normal,,,3,anomalia,FP,-0.6137,-0.6324,forma,ocsvm
100,30,normal,,,3,anomalia,FP,-0.4470,-0.6324,forma,ocsvm
100,31,normal,,,3,anomalia,FP,-0.2218,-0.6324,forma,ocsvm
100,32,normal,,,3,anomalia,FP,-0.4045,-0.6324,forma,ocsvm
100,33,normal,,,3,anomalia,FP,-0.4581,-0.6324,forma,ocsvm
100,34,normal,,,3,anomalia,FP,-0.5105,-0.6324,forma,ocsvm
100,37,normal,,,3,anomalia,FP,-0.2240,-0.6324,forma,ocsvm
100,38,normal,,,3,anomalia,FP,-0.5611,-0.6324,forma,ocsvm
100,39,normal,,,3,anomalia,FP,-0.3746,-0.6324,forma,ocsvm
100,40,normal,,,3,anomalia,FP,-0.5400,-0.6324,forma,ocsvm
100,42,normal,,,3,anomalia,FP,-0.5454,-0.6324,forma,ocsvm
100,43,normal,,,3,anomalia,FP,-0.5589,-0.6324,forma,ocsvm
100,44,normal,,,3,anomalia,FP,-0.2373,-0.6324,forma,ocsvm
100,45,normal,,,3,anomalia,FP,-0.1346,-0.6324,forma,ocsvm
100,46,normal,,,3,anomalia,FP,-0.5190,-0.6324,forma,ocsvm
100,47,normal,,,3,anomalia,FP,-0.2970,-0.6324,forma,ocsvm
100,49,normal,,,3,anomalia,FP,-0.4126,-0.6324,forma,ocsvm
100,50,normal,,,3,anomalia,FP,-0.3834,-0.6324,forma,ocsvm
100,51,normal,,,3,anomalia,FP,-0.2877,-0.6324,forma,ocsvm
100,52,normal,,,3,anomalia,FP,-0.5368,-0.6324,forma,ocsvm
100,53,normal,,,3,anomalia,FP,-0.4021,-0.6324,forma,ocsvm
100,55,normal,,,3,anomalia,FP,-0.5752,-0.6324,forma,ocsvm
100,56,normal,,,3,anomalia,FP,-0.5209,-0.6324,forma,ocsvm
100,57,normal,,,3,anomalia,FP,-0.2952,-0.6324,forma,ocsvm
121,0,B,0.007,,3,normal,FN,-0.7012,-0.6324,forma,ocsvm
121,1,B,0.007,,3,normal,FN,-0.7163,-0.6324,forma,ocsvm
121,3,B,0.007,,3,normal,FN,-0.6859,-0.6324,forma,ocsvm
121,5,B,0.007,,3,normal,FN,-0.9249,-0.6324,forma,ocsvm
121,6,B,0.007,,3,normal,FN,-0.7894,-0.6324,forma,ocsvm
121,7,B,0.007,,3,normal,FN,-0.8554,-0.6324,forma,ocsvm
121,9,B,0.007,,3,normal,FN,-0.7187,-0.6324,forma,ocsvm
121,11,B,0.007,,3,normal,FN,-0.7745,-0.6324,forma,ocsvm
121,13,B,0.007,,3,normal,FN,-0.7755,-0.6324,forma,ocsvm
121,14,B,0.007,,3,normal,FN,-0.8857,-0.6324,forma,ocsvm
121,15,B,0.007,,3,normal,FN,-0.7563,-0.6324,forma,ocsvm
121,16,B,0.007,,3,normal,FN,-0.6948,-0.6324,forma,ocsvm
121,19,B,0.007,,3,normal,FN,-0.7004,-0.6324,forma,ocsvm
121,21,B,0.007,,3,normal,FN,-0.7880,-0.6324,forma,ocsvm
121,22,B,0.007,,3,normal,FN,-0.6468,-0.6324,forma,ocsvm
121,23,B,0.007,,3,normal,FN,-0.7402,-0.6324,forma,ocsvm
121,26,B,0.007,,3,normal,FN,-0.7276,-0.6324,forma,ocsvm
121,28,B,0.007,,3,normal,FN,-0.7854,-0.6324,forma,ocsvm
121,29,B,0.007,,3,normal,FN,-0.7192,-0.6324,forma,ocsvm
121,31,B,0.007,,3,normal,FN,-0.7100,-0.6324,forma,ocsvm
121,32,B,0.007,,3,normal,FN,-0.7060,-0.6324,forma,ocsvm
121,33,B,0.007,,3,normal,FN,-0.8985,-0.6324,forma,ocsvm
121,34,B,0.007,,3,normal,FN,-0.6783,-0.6324,forma,ocsvm
121,37,B,0.007,,3,normal,FN,-0.6704,-0.6324,forma,ocsvm
121,39,B,0.007,,3,normal,FN,-0.7644,-0.6324,forma,ocsvm
121,47,B,0.007,,3,normal,FN,-0.6967,-0.6324,forma,ocsvm
121,48,B,0.007,,3,normal,FN,-0.6388,-0.6324,forma,ocsvm
121,51,B,0.007,,3,normal,FN,-0.6661,-0.6324,forma,ocsvm
121,53,B,0.007,,3,normal,FN,-0.7663,-0.6324,forma,ocsvm
121,54,B,0.007,,3,normal,FN,-0.6570,-0.6324,forma,ocsvm
121,56,B,0.007,,3,normal,FN,-0.8005,-0.6324,forma,ocsvm
200,6,OR,0.014,6,3,normal,FN,-0.6889,-0.6324,forma,ocsvm
200,9,OR,0.014,6,3,normal,FN,-0.8281,-0.6324,forma,ocsvm
200,10,OR,0.014,6,3,normal,FN,-0.8862,-0.6324,forma,ocsvm
200,11,OR,0.014,6,3,normal,FN,-0.7627,-0.6324,forma,ocsvm
200,12,OR,0.014,6,3,normal,FN,-0.6946,-0.6324,forma,ocsvm
200,22,OR,0.014,6,3,normal,FN,-0.8098,-0.6324,forma,ocsvm
200,29,OR,0.014,6,3,normal,FN,-0.9336,-0.6324,forma,ocsvm
200,32,OR,0.014,6,3,normal,FN,-0.9646,-0.6324,forma,ocsvm
200,33,OR,0.014,6,3,normal,FN,-0.6952,-0.6324,forma,ocsvm
200,40,OR,0.014,6,3,normal,FN,-0.6551,-0.6324,forma,ocsvm
200,41,OR,0.014,6,3,normal,FN,-0.9248,-0.6324,forma,ocsvm
200,42,OR,0.014,6,3,normal,FN,-0.7244,-0.6324,forma,ocsvm
200,46,OR,0.014,6,3,normal,FN,-0.6423,-0.6324,forma,ocsvm
200,48,OR,0.014,6,3,normal,FN,-0.6510,-0.6324,forma,ocsvm
200,49,OR,0.014,6,3,normal,FN,-0.6895,-0.6324,forma,ocsvm
200,50,OR,0.014,6,3,normal,FN,-0.7169,-0.6324,forma,ocsvm
100,3,normal,,,3,anomalia,FP,2.5021,1.4009,forma,autoencoder
100,4,normal,,,3,anomalia,FP,1.4138,1.4009,forma,autoencoder
100,7,normal,,,3,anomalia,FP,1.5999,1.4009,forma,autoencoder
100,12,normal,,,3,anomalia,FP,1.7683,1.4009,forma,autoencoder
100,13,normal,,,3,anomalia,FP,1.4551,1.4009,forma,autoencoder
100,15,normal,,,3,anomalia,FP,2.1444,1.4009,forma,autoencoder
100,16,normal,,,3,anomalia,FP,1.5146,1.4009,forma,autoencoder
100,21,normal,,,3,anomalia,FP,1.6583,1.4009,forma,autoencoder
100,23,normal,,,3,anomalia,FP,2.2450,1.4009,forma,autoencoder
100,24,normal,,,3,anomalia,FP,3.2160,1.4009,forma,autoencoder
100,31,normal,,,3,anomalia,FP,2.2061,1.4009,forma,autoencoder
100,32,normal,,,3,anomalia,FP,2.3082,1.4009,forma,autoencoder
100,33,normal,,,3,anomalia,FP,1.4502,1.4009,forma,autoencoder
100,34,normal,,,3,anomalia,FP,1.8506,1.4009,forma,autoencoder
100,37,normal,,,3,anomalia,FP,2.8588,1.4009,forma,autoencoder
100,39,normal,,,3,anomalia,FP,2.6126,1.4009,forma,autoencoder
100,40,normal,,,3,anomalia,FP,2.0933,1.4009,forma,autoencoder
100,44,normal,,,3,anomalia,FP,2.5271,1.4009,forma,autoencoder
100,45,normal,,,3,anomalia,FP,2.4092,1.4009,forma,autoencoder
100,47,normal,,,3,anomalia,FP,1.4037,1.4009,forma,autoencoder
100,51,normal,,,3,anomalia,FP,1.8566,1.4009,forma,autoencoder
100,53,normal,,,3,anomalia,FP,1.5557,1.4009,forma,autoencoder
100,57,normal,,,3,anomalia,FP,2.1919,1.4009,forma,autoencoder
121,0,B,0.007,,3,normal,FN,0.5228,1.4009,forma,autoencoder
121,1,B,0.007,,3,normal,FN,0.4774,1.4009,forma,autoencoder
121,2,B,0.007,,3,normal,FN,0.5816,1.4009,forma,autoencoder
121,3,B,0.007,,3,normal,FN,0.2541,1.4009,forma,autoencoder
121,4,B,0.007,,3,normal,FN,0.8393,1.4009,forma,autoencoder
121,5,B,0.007,,3,normal,FN,0.1175,1.4009,forma,autoencoder
121,6,B,0.007,,3,normal,FN,0.1047,1.4009,forma,autoencoder
121,7,B,0.007,,3,normal,FN,0.1501,1.4009,forma,autoencoder
121,8,B,0.007,,3,normal,FN,1.1551,1.4009,forma,autoencoder
121,9,B,0.007,,3,normal,FN,0.4593,1.4009,forma,autoencoder
121,10,B,0.007,,3,normal,FN,0.6480,1.4009,forma,autoencoder
121,11,B,0.007,,3,normal,FN,0.3451,1.4009,forma,autoencoder
121,12,B,0.007,,3,normal,FN,0.8192,1.4009,forma,autoencoder
121,13,B,0.007,,3,normal,FN,0.1336,1.4009,forma,autoencoder
121,14,B,0.007,,3,normal,FN,0.0808,1.4009,forma,autoencoder
121,15,B,0.007,,3,normal,FN,0.1902,1.4009,forma,autoencoder
121,16,B,0.007,,3,normal,FN,0.4869,1.4009,forma,autoencoder
121,17,B,0.007,,3,normal,FN,0.9943,1.4009,forma,autoencoder
121,18,B,0.007,,3,normal,FN,1.3691,1.4009,forma,autoencoder
121,19,B,0.007,,3,normal,FN,0.3301,1.4009,forma,autoencoder
121,20,B,0.007,,3,normal,FN,1.3197,1.4009,forma,autoencoder
121,21,B,0.007,,3,normal,FN,0.5216,1.4009,forma,autoencoder
121,22,B,0.007,,3,normal,FN,0.1842,1.4009,forma,autoencoder
121,23,B,0.007,,3,normal,FN,0.3063,1.4009,forma,autoencoder
121,24,B,0.007,,3,normal,FN,0.9744,1.4009,forma,autoencoder
121,25,B,0.007,,3,normal,FN,0.7936,1.4009,forma,autoencoder
121,26,B,0.007,,3,normal,FN,0.4685,1.4009,forma,autoencoder
121,27,B,0.007,,3,normal,FN,0.6430,1.4009,forma,autoencoder
121,28,B,0.007,,3,normal,FN,0.1988,1.4009,forma,autoencoder
121,29,B,0.007,,3,normal,FN,0.7073,1.4009,forma,autoencoder
121,31,B,0.007,,3,normal,FN,0.4290,1.4009,forma,autoencoder
121,32,B,0.007,,3,normal,FN,0.5893,1.4009,forma,autoencoder
121,33,B,0.007,,3,normal,FN,0.1766,1.4009,forma,autoencoder
121,34,B,0.007,,3,normal,FN,0.6643,1.4009,forma,autoencoder
121,37,B,0.007,,3,normal,FN,0.5053,1.4009,forma,autoencoder
121,38,B,0.007,,3,normal,FN,1.1309,1.4009,forma,autoencoder
121,39,B,0.007,,3,normal,FN,0.4249,1.4009,forma,autoencoder
121,40,B,0.007,,3,normal,FN,0.3392,1.4009,forma,autoencoder
121,42,B,0.007,,3,normal,FN,0.6529,1.4009,forma,autoencoder
121,43,B,0.007,,3,normal,FN,0.5857,1.4009,forma,autoencoder
121,44,B,0.007,,3,normal,FN,0.4058,1.4009,forma,autoencoder
121,45,B,0.007,,3,normal,FN,1.1157,1.4009,forma,autoencoder
121,46,B,0.007,,3,normal,FN,0.6270,1.4009,forma,autoencoder
121,47,B,0.007,,3,normal,FN,0.2755,1.4009,forma,autoencoder
121,48,B,0.007,,3,normal,FN,0.6248,1.4009,forma,autoencoder
121,49,B,0.007,,3,normal,FN,1.1731,1.4009,forma,autoencoder
121,50,B,0.007,,3,normal,FN,0.7213,1.4009,forma,autoencoder
121,51,B,0.007,,3,normal,FN,0.5185,1.4009,forma,autoencoder
121,52,B,0.007,,3,normal,FN,1.0628,1.4009,forma,autoencoder
121,53,B,0.007,,3,normal,FN,0.1377,1.4009,forma,autoencoder
121,54,B,0.007,,3,normal,FN,0.7473,1.4009,forma,autoencoder
121,56,B,0.007,,3,normal,FN,0.1242,1.4009,forma,autoencoder
121,57,B,0.007,,3,normal,FN,0.7353,1.4009,forma,autoencoder
200,0,OR,0.014,6,3,normal,FN,0.4782,1.4009,forma,autoencoder
200,1,OR,0.014,6,3,normal,FN,0.6767,1.4009,forma,autoencoder
200,2,OR,0.014,6,3,normal,FN,1.2924,1.4009,forma,autoencoder
200,4,OR,0.014,6,3,normal,FN,0.9350,1.4009,forma,autoencoder
200,5,OR,0.014,6,3,normal,FN,1.2743,1.4009,forma,autoencoder
200,6,OR,0.014,6,3,normal,FN,0.3339,1.4009,forma,autoencoder
200,9,OR,0.014,6,3,normal,FN,0.1930,1.4009,forma,autoencoder
200,10,OR,0.014,6,3,normal,FN,0.3272,1.4009,forma,autoencoder
200,11,OR,0.014,6,3,normal,FN,0.5179,1.4009,forma,autoencoder
200,12,OR,0.014,6,3,normal,FN,0.5954,1.4009,forma,autoencoder
200,17,OR,0.014,6,3,normal,FN,0.3745,1.4009,forma,autoencoder
200,19,OR,0.014,6,3,normal,FN,1.0541,1.4009,forma,autoencoder
200,20,OR,0.014,6,3,normal,FN,0.8154,1.4009,forma,autoencoder
200,21,OR,0.014,6,3,normal,FN,1.2948,1.4009,forma,autoencoder
200,22,OR,0.014,6,3,normal,FN,0.3396,1.4009,forma,autoencoder
200,23,OR,0.014,6,3,normal,FN,1.1280,1.4009,forma,autoencoder
200,27,OR,0.014,6,3,normal,FN,0.6837,1.4009,forma,autoencoder
200,29,OR,0.014,6,3,normal,FN,0.3766,1.4009,forma,autoencoder
200,31,OR,0.014,6,3,normal,FN,1.3449,1.4009,forma,autoencoder
200,32,OR,0.014,6,3,normal,FN,0.1631,1.4009,forma,autoencoder
200,33,OR,0.014,6,3,normal,FN,0.2098,1.4009,forma,autoencoder
200,37,OR,0.014,6,3,normal,FN,1.3565,1.4009,forma,autoencoder
200,40,OR,0.014,6,3,normal,FN,0.2145,1.4009,forma,autoencoder
200,41,OR,0.014,6,3,normal,FN,0.0916,1.4009,forma,autoencoder
200,42,OR,0.014,6,3,normal,FN,1.1674,1.4009,forma,autoencoder
200,46,OR,0.014,6,3,normal,FN,0.2377,1.4009,forma,autoencoder
200,47,OR,0.014,6,3,normal,FN,0.5385,1.4009,forma,autoencoder
200,48,OR,0.014,6,3,normal,FN,0.3587,1.4009,forma,autoencoder
200,49,OR,0.014,6,3,normal,FN,0.2934,1.4009,forma,autoencoder
200,50,OR,0.014,6,3,normal,FN,0.2052,1.4009,forma,autoencoder
200,51,OR,0.014,6,3,normal,FN,0.4131,1.4009,forma,autoencoder
200,55,OR,0.014,6,3,normal,FN,0.4181,1.4009,forma,autoencoder
200,56,OR,0.014,6,3,normal,FN,0.2734,1.4009,forma,autoencoder
200,57,OR,0.014,6,3,normal,FN,0.8070,1.4009,forma,autoencoder
225,13,B,0.021,,3,normal,FN,1.0426,1.4009,forma,autoencoder
225,17,B,0.021,,3,normal,FN,1.3062,1.4009,forma,autoencoder
225,18,B,0.021,,3,normal,FN,0.9123,1.4009,forma,autoencoder
225,19,B,0.021,,3,normal,FN,1.0722,1.4009,forma,autoencoder
225,23,B,0.021,,3,normal,FN,1.2829,1.4009,forma,autoencoder
225,24,B,0.021,,3,normal,FN,1.0526,1.4009,forma,autoencoder
225,27,B,0.021,,3,normal,FN,1.3230,1.4009,forma,autoencoder
225,28,B,0.021,,3,normal,FN,1.2170,1.4009,forma,autoencoder
225,33,B,0.021,,3,normal,FN,0.9471,1.4009,forma,autoencoder
225,34,B,0.021,,3,normal,FN,0.9155,1.4009,forma,autoencoder
225,39,B,0.021,,3,normal,FN,1.3246,1.4009,forma,autoencoder
225,46,B,0.021,,3,normal,FN,1.1527,1.4009,forma,autoencoder
225,47,B,0.021,,3,normal,FN,0.7353,1.4009,forma,autoencoder
225,52,B,0.021,,3,normal,FN,1.1075,1.4009,forma,autoencoder
